--FILA 1
INSERT INTO CASILLAS(id, borde ,poder1, poder2, fila, columna) VALUES(1,true,false,false, 1, 3.0);
INSERT INTO CASILLAS(id, borde ,poder1, poder2, fila, columna) VALUES(2,true,false,false, 1, 4.0);
INSERT INTO CASILLAS(id, borde ,poder1, poder2, fila, columna) VALUES(3,true,false,false, 1, 5.0);
INSERT INTO CASILLAS(id, borde ,poder1, poder2, fila, columna) VALUES(4,true,false,false, 1, 6.0);
INSERT INTO CASILLAS(id, borde ,poder1, poder2, fila, columna) VALUES(5,true,false,false, 1, 7.0);
--FILA 2
INSERT INTO CASILLAS(id, borde ,poder1, poder2, fila, columna) VALUES(6,true,false,false,2, 2.5);
INSERT INTO CASILLAS(id, borde ,poder1, poder2, fila, columna) VALUES(7,false,true,false,2, 3.5);
INSERT INTO CASILLAS(id, borde ,poder1, poder2, fila, columna) VALUES(8,false,false,false,2, 4.5);
INSERT INTO CASILLAS(id, borde ,poder1, poder2, fila, columna) VALUES(9,false,false,false,2, 5.5);
INSERT INTO CASILLAS(id, borde ,poder1, poder2, fila, columna) VALUES(10,false,true,false,2, 6.5);
INSERT INTO CASILLAS(id, borde ,poder1, poder2, fila, columna) VALUES(11,true,false,false,2, 7.5);
--FILA 3
INSERT INTO CASILLAS(id, borde ,poder1, poder2, fila, columna) VALUES(12,true,false,false,3, 2.0);
INSERT INTO CASILLAS(id, borde ,poder1, poder2, fila, columna) VALUES(13,false,false,false,3, 3.0);
INSERT INTO CASILLAS(id, borde ,poder1, poder2, fila, columna) VALUES(14,false,false,false,3, 4.0);
INSERT INTO CASILLAS(id, borde ,poder1, poder2, fila, columna) VALUES(15,false,false,false,3, 5.0);
INSERT INTO CASILLAS(id, borde ,poder1, poder2, fila, columna) VALUES(16,false,false,false,3, 6.0);
INSERT INTO CASILLAS(id, borde ,poder1, poder2, fila, columna) VALUES(17,false,false,false,3, 7.0);
INSERT INTO CASILLAS(id, borde ,poder1, poder2, fila, columna) VALUES(18,true,false,false,3, 8.0);
--FILA 4
INSERT INTO CASILLAS(id, borde ,poder1, poder2, fila, columna) VALUES(19,true,false,false,4, 1.5);
INSERT INTO CASILLAS(id, borde ,poder1, poder2, fila, columna) VALUES(20,false,false,false,4, 2.5);
INSERT INTO CASILLAS(id, borde ,poder1, poder2, fila, columna) VALUES(21,false,false,false,4, 3.5);
INSERT INTO CASILLAS(id, borde ,poder1, poder2, fila, columna) VALUES(22,false,false,false,4, 4.5);
INSERT INTO CASILLAS(id, borde ,poder1, poder2, fila, columna) VALUES(23,false,false,false,4, 5.5);
INSERT INTO CASILLAS(id, borde ,poder1, poder2, fila, columna) VALUES(24,false,false,false,4, 6.5);
INSERT INTO CASILLAS(id, borde ,poder1, poder2, fila, columna) VALUES(25,false,false,false,4, 7.5);
INSERT INTO CASILLAS(id, borde ,poder1, poder2, fila, columna) VALUES(26,true,false,false,4, 8.5);
--FILA 5
INSERT INTO CASILLAS(id, borde ,poder1, poder2, fila, columna) VALUES(27,true,true,false,5, 1.0);
INSERT INTO CASILLAS(id, borde ,poder1, poder2, fila, columna) VALUES(28,false,false,false,5, 2.0);
INSERT INTO CASILLAS(id, borde ,poder1, poder2, fila, columna) VALUES(29,false,false,false,5, 3.0);
INSERT INTO CASILLAS(id, borde ,poder1, poder2, fila, columna) VALUES(30,false,false,false,5, 4.0);
INSERT INTO CASILLAS(id, borde ,poder1, poder2, fila, columna) VALUES(31,false,false,true,5, 5.0);
INSERT INTO CASILLAS(id, borde ,poder1, poder2, fila, columna) VALUES(32,false,false,false,5, 6.0);
INSERT INTO CASILLAS(id, borde ,poder1, poder2, fila, columna) VALUES(33,false,false,false,5, 7.0);
INSERT INTO CASILLAS(id, borde ,poder1, poder2, fila, columna) VALUES(34,false,false,false,5, 8.0);
INSERT INTO CASILLAS(id, borde ,poder1, poder2, fila, columna) VALUES(35,true,true,false,5, 9.0);
--FILA 6
INSERT INTO CASILLAS(id, borde ,poder1, poder2, fila, columna) VALUES(36,true,false,false,6, 1.5);
INSERT INTO CASILLAS(id, borde ,poder1, poder2, fila, columna) VALUES(37,false,false,false,6, 2.5);
INSERT INTO CASILLAS(id, borde ,poder1, poder2, fila, columna) VALUES(38,false,false,false,6, 3.5);
INSERT INTO CASILLAS(id, borde ,poder1, poder2, fila, columna) VALUES(39,false,false,false,6, 4.5);
INSERT INTO CASILLAS(id, borde ,poder1, poder2, fila, columna) VALUES(40,false,false,false,6, 5.5);
INSERT INTO CASILLAS(id, borde ,poder1, poder2, fila, columna) VALUES(41,false,false,false,6, 6.5);
INSERT INTO CASILLAS(id, borde ,poder1, poder2, fila, columna) VALUES(42,false,false,false,6, 7.5);
INSERT INTO CASILLAS(id, borde ,poder1, poder2, fila, columna) VALUES(43,true,false,false,6, 8.5);
--FILA 7
INSERT INTO CASILLAS(id, borde ,poder1, poder2, fila, columna) VALUES(44,true,false,false,7, 2.0);
INSERT INTO CASILLAS(id, borde ,poder1, poder2, fila, columna) VALUES(45,false,false,false,7, 3.0);
INSERT INTO CASILLAS(id, borde ,poder1, poder2, fila, columna) VALUES(46,false,false,false,7, 4.0);
INSERT INTO CASILLAS(id, borde ,poder1, poder2, fila, columna) VALUES(47,false,false,false,7, 5.0);
INSERT INTO CASILLAS(id, borde ,poder1, poder2, fila, columna) VALUES(48,false,false,false,7, 6.0);
INSERT INTO CASILLAS(id, borde ,poder1, poder2, fila, columna) VALUES(49,false,false,false,7, 7.0);
INSERT INTO CASILLAS(id, borde ,poder1, poder2, fila, columna) VALUES(50,true,false,false,7, 8.0);
--FILA 8
INSERT INTO CASILLAS(id, borde ,poder1, poder2, fila, columna) VALUES(51,true,false,false,8, 2.5);
INSERT INTO CASILLAS(id, borde ,poder1, poder2, fila, columna) VALUES(52,false,true,false,8, 3.5);
INSERT INTO CASILLAS(id, borde ,poder1, poder2, fila, columna) VALUES(53,false,false,false,8, 4.5);
INSERT INTO CASILLAS(id, borde ,poder1, poder2, fila, columna) VALUES(54,false,false,false,8, 5.5);
INSERT INTO CASILLAS(id, borde ,poder1, poder2, fila, columna) VALUES(55,false,true,false,8, 6.5);
INSERT INTO CASILLAS(id, borde ,poder1, poder2, fila, columna) VALUES(56,true,false,false,8, 7.5);
--FILA 9
INSERT INTO CASILLAS(id, borde ,poder1, poder2, fila, columna) VALUES(57,true,false,false,9, 3.0);
INSERT INTO CASILLAS(id, borde ,poder1, poder2, fila, columna) VALUES(58,true,false,false,9, 3.0);
INSERT INTO CASILLAS(id, borde ,poder1, poder2, fila, columna) VALUES(59,true,false,false,9, 3.0);
INSERT INTO CASILLAS(id, borde ,poder1, poder2, fila, columna) VALUES(60,true,false,false,9, 3.0);
INSERT INTO CASILLAS(id, borde ,poder1, poder2, fila, columna) VALUES(61,true,false,false,9, 3.0);

-- Fila es un INTEGER, columna un FLOAT
-- Casillas adyacencia
-------------------------------FILA 1---------------------------------
--CASILLA 1
INSERT INTO CASILLAS_ADYACENCIA(casilla_id, adyacencia_id) VALUES(1, 2);
INSERT INTO CASILLAS_ADYACENCIA(casilla_id, adyacencia_id) VALUES(1, 6);
INSERT INTO CASILLAS_ADYACENCIA(casilla_id, adyacencia_id) VALUES(1, 7);
--CASILLA 2
INSERT INTO CASILLAS_ADYACENCIA(casilla_id, adyacencia_id) VALUES(2, 1);
INSERT INTO CASILLAS_ADYACENCIA(casilla_id, adyacencia_id) VALUES(2, 3);
INSERT INTO CASILLAS_ADYACENCIA(casilla_id, adyacencia_id) VALUES(2, 7);
INSERT INTO CASILLAS_ADYACENCIA(casilla_id, adyacencia_id) VALUES(2, 8);
--CASILLA 3
INSERT INTO CASILLAS_ADYACENCIA(casilla_id, adyacencia_id) VALUES(3, 2);
INSERT INTO CASILLAS_ADYACENCIA(casilla_id, adyacencia_id) VALUES(3, 4);
INSERT INTO CASILLAS_ADYACENCIA(casilla_id, adyacencia_id) VALUES(3, 8);
INSERT INTO CASILLAS_ADYACENCIA(casilla_id, adyacencia_id) VALUES(3, 9);
--CASILLA 4
INSERT INTO CASILLAS_ADYACENCIA(casilla_id, adyacencia_id) VALUES(4, 3);
INSERT INTO CASILLAS_ADYACENCIA(casilla_id, adyacencia_id) VALUES(4, 5);
INSERT INTO CASILLAS_ADYACENCIA(casilla_id, adyacencia_id) VALUES(4, 9);
INSERT INTO CASILLAS_ADYACENCIA(casilla_id, adyacencia_id) VALUES(4, 10);
--CASILLA 5
INSERT INTO CASILLAS_ADYACENCIA(casilla_id, adyacencia_id) VALUES(5, 4);
INSERT INTO CASILLAS_ADYACENCIA(casilla_id, adyacencia_id) VALUES(5, 10);
INSERT INTO CASILLAS_ADYACENCIA(casilla_id, adyacencia_id) VALUES(5, 11);

-------------------------------FILA 2---------------------------------
--CASILLA 6
INSERT INTO CASILLAS_ADYACENCIA(casilla_id, adyacencia_id) VALUES(6, 1);
INSERT INTO CASILLAS_ADYACENCIA(casilla_id, adyacencia_id) VALUES(6, 7);
INSERT INTO CASILLAS_ADYACENCIA(casilla_id, adyacencia_id) VALUES(6, 12);
INSERT INTO CASILLAS_ADYACENCIA(casilla_id, adyacencia_id) VALUES(6, 13);
--CASILLA 7
INSERT INTO CASILLAS_ADYACENCIA(casilla_id, adyacencia_id) VALUES(7, 1);
INSERT INTO CASILLAS_ADYACENCIA(casilla_id, adyacencia_id) VALUES(7, 2);
INSERT INTO CASILLAS_ADYACENCIA(casilla_id, adyacencia_id) VALUES(7, 6);
INSERT INTO CASILLAS_ADYACENCIA(casilla_id, adyacencia_id) VALUES(7, 8);
INSERT INTO CASILLAS_ADYACENCIA(casilla_id, adyacencia_id) VALUES(7, 13);
INSERT INTO CASILLAS_ADYACENCIA(casilla_id, adyacencia_id) VALUES(7, 14);
--CASILLA 8
INSERT INTO CASILLAS_ADYACENCIA(casilla_id, adyacencia_id) VALUES(8, 2);
INSERT INTO CASILLAS_ADYACENCIA(casilla_id, adyacencia_id) VALUES(8, 3);
INSERT INTO CASILLAS_ADYACENCIA(casilla_id, adyacencia_id) VALUES(8, 7);
INSERT INTO CASILLAS_ADYACENCIA(casilla_id, adyacencia_id) VALUES(8, 9);
INSERT INTO CASILLAS_ADYACENCIA(casilla_id, adyacencia_id) VALUES(8, 14);
INSERT INTO CASILLAS_ADYACENCIA(casilla_id, adyacencia_id) VALUES(8, 15);
--CASILLA 9
INSERT INTO CASILLAS_ADYACENCIA(casilla_id, adyacencia_id) VALUES(9, 3);
INSERT INTO CASILLAS_ADYACENCIA(casilla_id, adyacencia_id) VALUES(9, 4);
INSERT INTO CASILLAS_ADYACENCIA(casilla_id, adyacencia_id) VALUES(9, 8);
INSERT INTO CASILLAS_ADYACENCIA(casilla_id, adyacencia_id) VALUES(9, 10);
INSERT INTO CASILLAS_ADYACENCIA(casilla_id, adyacencia_id) VALUES(9, 15);
INSERT INTO CASILLAS_ADYACENCIA(casilla_id, adyacencia_id) VALUES(9, 16);
--CASILLA 10
INSERT INTO CASILLAS_ADYACENCIA(casilla_id, adyacencia_id) VALUES(10, 4);
INSERT INTO CASILLAS_ADYACENCIA(casilla_id, adyacencia_id) VALUES(10, 5);
INSERT INTO CASILLAS_ADYACENCIA(casilla_id, adyacencia_id) VALUES(10, 9);
INSERT INTO CASILLAS_ADYACENCIA(casilla_id, adyacencia_id) VALUES(10, 11);
INSERT INTO CASILLAS_ADYACENCIA(casilla_id, adyacencia_id) VALUES(10, 16);
INSERT INTO CASILLAS_ADYACENCIA(casilla_id, adyacencia_id) VALUES(10, 17);
--CASILLA 11
INSERT INTO CASILLAS_ADYACENCIA(casilla_id, adyacencia_id) VALUES(11, 5);
INSERT INTO CASILLAS_ADYACENCIA(casilla_id, adyacencia_id) VALUES(11, 10);
INSERT INTO CASILLAS_ADYACENCIA(casilla_id, adyacencia_id) VALUES(11, 17);
INSERT INTO CASILLAS_ADYACENCIA(casilla_id, adyacencia_id) VALUES(11, 18);
-------------------------------FILA 3---------------------------------
--CASILLA 12
INSERT INTO CASILLAS_ADYACENCIA(casilla_id, adyacencia_id) VALUES(12, 6);
INSERT INTO CASILLAS_ADYACENCIA(casilla_id, adyacencia_id) VALUES(12, 13);
INSERT INTO CASILLAS_ADYACENCIA(casilla_id, adyacencia_id) VALUES(12, 19);
INSERT INTO CASILLAS_ADYACENCIA(casilla_id, adyacencia_id) VALUES(12, 20);
--CASILLA 13
INSERT INTO CASILLAS_ADYACENCIA(casilla_id, adyacencia_id) VALUES(13, 6);
INSERT INTO CASILLAS_ADYACENCIA(casilla_id, adyacencia_id) VALUES(13, 7);
INSERT INTO CASILLAS_ADYACENCIA(casilla_id, adyacencia_id) VALUES(13, 12);
INSERT INTO CASILLAS_ADYACENCIA(casilla_id, adyacencia_id) VALUES(13, 14);
INSERT INTO CASILLAS_ADYACENCIA(casilla_id, adyacencia_id) VALUES(13, 20);
INSERT INTO CASILLAS_ADYACENCIA(casilla_id, adyacencia_id) VALUES(13, 21);
--CASILLA 14
INSERT INTO CASILLAS_ADYACENCIA(casilla_id, adyacencia_id) VALUES(14, 7);
INSERT INTO CASILLAS_ADYACENCIA(casilla_id, adyacencia_id) VALUES(14, 8);
INSERT INTO CASILLAS_ADYACENCIA(casilla_id, adyacencia_id) VALUES(14, 13);
INSERT INTO CASILLAS_ADYACENCIA(casilla_id, adyacencia_id) VALUES(14, 15);
INSERT INTO CASILLAS_ADYACENCIA(casilla_id, adyacencia_id) VALUES(14, 21);
INSERT INTO CASILLAS_ADYACENCIA(casilla_id, adyacencia_id) VALUES(14, 22);
--CASILLA 15
INSERT INTO CASILLAS_ADYACENCIA(casilla_id, adyacencia_id) VALUES(15, 8);
INSERT INTO CASILLAS_ADYACENCIA(casilla_id, adyacencia_id) VALUES(15, 9);
INSERT INTO CASILLAS_ADYACENCIA(casilla_id, adyacencia_id) VALUES(15, 14);
INSERT INTO CASILLAS_ADYACENCIA(casilla_id, adyacencia_id) VALUES(15, 16);
INSERT INTO CASILLAS_ADYACENCIA(casilla_id, adyacencia_id) VALUES(15, 22);
INSERT INTO CASILLAS_ADYACENCIA(casilla_id, adyacencia_id) VALUES(15, 23);
--CASILLA 16
INSERT INTO CASILLAS_ADYACENCIA(casilla_id, adyacencia_id) VALUES(16, 9);
INSERT INTO CASILLAS_ADYACENCIA(casilla_id, adyacencia_id) VALUES(16, 10);
INSERT INTO CASILLAS_ADYACENCIA(casilla_id, adyacencia_id) VALUES(16, 15);
INSERT INTO CASILLAS_ADYACENCIA(casilla_id, adyacencia_id) VALUES(16, 17);
INSERT INTO CASILLAS_ADYACENCIA(casilla_id, adyacencia_id) VALUES(16, 23);
INSERT INTO CASILLAS_ADYACENCIA(casilla_id, adyacencia_id) VALUES(16, 24);
--CASILLA 17
INSERT INTO CASILLAS_ADYACENCIA(casilla_id, adyacencia_id) VALUES(17, 10);
INSERT INTO CASILLAS_ADYACENCIA(casilla_id, adyacencia_id) VALUES(17, 11);
INSERT INTO CASILLAS_ADYACENCIA(casilla_id, adyacencia_id) VALUES(17, 16);
INSERT INTO CASILLAS_ADYACENCIA(casilla_id, adyacencia_id) VALUES(17, 18);
INSERT INTO CASILLAS_ADYACENCIA(casilla_id, adyacencia_id) VALUES(17, 24);
INSERT INTO CASILLAS_ADYACENCIA(casilla_id, adyacencia_id) VALUES(17, 25);
--CASILLA 18
INSERT INTO CASILLAS_ADYACENCIA(casilla_id, adyacencia_id) VALUES(18, 11);
INSERT INTO CASILLAS_ADYACENCIA(casilla_id, adyacencia_id) VALUES(18, 17);
INSERT INTO CASILLAS_ADYACENCIA(casilla_id, adyacencia_id) VALUES(18, 25);
INSERT INTO CASILLAS_ADYACENCIA(casilla_id, adyacencia_id) VALUES(18, 26);
-------------------------------FILA 4---------------------------------
--CASILLA 19
INSERT INTO CASILLAS_ADYACENCIA(casilla_id, adyacencia_id) VALUES(19, 12);
INSERT INTO CASILLAS_ADYACENCIA(casilla_id, adyacencia_id) VALUES(19, 20);
INSERT INTO CASILLAS_ADYACENCIA(casilla_id, adyacencia_id) VALUES(19, 27);
INSERT INTO CASILLAS_ADYACENCIA(casilla_id, adyacencia_id) VALUES(19, 28);
--CASILLA 20
INSERT INTO CASILLAS_ADYACENCIA(casilla_id, adyacencia_id) VALUES(20, 12);
INSERT INTO CASILLAS_ADYACENCIA(casilla_id, adyacencia_id) VALUES(20, 13);
INSERT INTO CASILLAS_ADYACENCIA(casilla_id, adyacencia_id) VALUES(20, 19);
INSERT INTO CASILLAS_ADYACENCIA(casilla_id, adyacencia_id) VALUES(20, 21);
INSERT INTO CASILLAS_ADYACENCIA(casilla_id, adyacencia_id) VALUES(20, 28);
INSERT INTO CASILLAS_ADYACENCIA(casilla_id, adyacencia_id) VALUES(20, 29);
--CASILLA 21
INSERT INTO CASILLAS_ADYACENCIA(casilla_id, adyacencia_id) VALUES(21, 13);
INSERT INTO CASILLAS_ADYACENCIA(casilla_id, adyacencia_id) VALUES(21, 14);
INSERT INTO CASILLAS_ADYACENCIA(casilla_id, adyacencia_id) VALUES(21, 20);
INSERT INTO CASILLAS_ADYACENCIA(casilla_id, adyacencia_id) VALUES(21, 22);
INSERT INTO CASILLAS_ADYACENCIA(casilla_id, adyacencia_id) VALUES(21, 29);
INSERT INTO CASILLAS_ADYACENCIA(casilla_id, adyacencia_id) VALUES(21, 30);
--CASILLA 22
INSERT INTO CASILLAS_ADYACENCIA(casilla_id, adyacencia_id) VALUES(22, 14);
INSERT INTO CASILLAS_ADYACENCIA(casilla_id, adyacencia_id) VALUES(22, 15);
INSERT INTO CASILLAS_ADYACENCIA(casilla_id, adyacencia_id) VALUES(22, 21);
INSERT INTO CASILLAS_ADYACENCIA(casilla_id, adyacencia_id) VALUES(22, 23);
INSERT INTO CASILLAS_ADYACENCIA(casilla_id, adyacencia_id) VALUES(22, 30);
INSERT INTO CASILLAS_ADYACENCIA(casilla_id, adyacencia_id) VALUES(22, 31);
--CASILLA 23
INSERT INTO CASILLAS_ADYACENCIA(casilla_id, adyacencia_id) VALUES(23, 15);
INSERT INTO CASILLAS_ADYACENCIA(casilla_id, adyacencia_id) VALUES(23, 16);
INSERT INTO CASILLAS_ADYACENCIA(casilla_id, adyacencia_id) VALUES(23, 22);
INSERT INTO CASILLAS_ADYACENCIA(casilla_id, adyacencia_id) VALUES(23, 24);
INSERT INTO CASILLAS_ADYACENCIA(casilla_id, adyacencia_id) VALUES(23, 31);
INSERT INTO CASILLAS_ADYACENCIA(casilla_id, adyacencia_id) VALUES(23, 32);
--CASILLA 24
INSERT INTO CASILLAS_ADYACENCIA(casilla_id, adyacencia_id) VALUES(24, 16);
INSERT INTO CASILLAS_ADYACENCIA(casilla_id, adyacencia_id) VALUES(24, 17);
INSERT INTO CASILLAS_ADYACENCIA(casilla_id, adyacencia_id) VALUES(24, 23);
INSERT INTO CASILLAS_ADYACENCIA(casilla_id, adyacencia_id) VALUES(24, 25);
INSERT INTO CASILLAS_ADYACENCIA(casilla_id, adyacencia_id) VALUES(24, 32);
INSERT INTO CASILLAS_ADYACENCIA(casilla_id, adyacencia_id) VALUES(24, 33);
--CASILLA 25
INSERT INTO CASILLAS_ADYACENCIA(casilla_id, adyacencia_id) VALUES(25, 17);
INSERT INTO CASILLAS_ADYACENCIA(casilla_id, adyacencia_id) VALUES(25, 18);
INSERT INTO CASILLAS_ADYACENCIA(casilla_id, adyacencia_id) VALUES(25, 24);
INSERT INTO CASILLAS_ADYACENCIA(casilla_id, adyacencia_id) VALUES(25, 26);
INSERT INTO CASILLAS_ADYACENCIA(casilla_id, adyacencia_id) VALUES(25, 33);
INSERT INTO CASILLAS_ADYACENCIA(casilla_id, adyacencia_id) VALUES(25, 34);
--CASILLA 26
INSERT INTO CASILLAS_ADYACENCIA(casilla_id, adyacencia_id) VALUES(26, 18);
INSERT INTO CASILLAS_ADYACENCIA(casilla_id, adyacencia_id) VALUES(26, 25);
INSERT INTO CASILLAS_ADYACENCIA(casilla_id, adyacencia_id) VALUES(26, 34);
INSERT INTO CASILLAS_ADYACENCIA(casilla_id, adyacencia_id) VALUES(26, 35);
-------------------------------FILA 5---------------------------------
--CASILLA 27
INSERT INTO CASILLAS_ADYACENCIA(casilla_id, adyacencia_id) VALUES(26, 35);
INSERT INTO CASILLAS_ADYACENCIA(casilla_id, adyacencia_id) VALUES(27, 19);
INSERT INTO CASILLAS_ADYACENCIA(casilla_id, adyacencia_id) VALUES(27, 28);
INSERT INTO CASILLAS_ADYACENCIA(casilla_id, adyacencia_id) VALUES(27, 36);
--CASILLA 28
INSERT INTO CASILLAS_ADYACENCIA(casilla_id, adyacencia_id) VALUES(28, 19);
INSERT INTO CASILLAS_ADYACENCIA(casilla_id, adyacencia_id) VALUES(28, 20);
INSERT INTO CASILLAS_ADYACENCIA(casilla_id, adyacencia_id) VALUES(28, 27);
INSERT INTO CASILLAS_ADYACENCIA(casilla_id, adyacencia_id) VALUES(28, 29);
INSERT INTO CASILLAS_ADYACENCIA(casilla_id, adyacencia_id) VALUES(28, 36);
INSERT INTO CASILLAS_ADYACENCIA(casilla_id, adyacencia_id) VALUES(28, 37);
--CASILLA 29
INSERT INTO CASILLAS_ADYACENCIA(casilla_id, adyacencia_id) VALUES(29, 20);
INSERT INTO CASILLAS_ADYACENCIA(casilla_id, adyacencia_id) VALUES(29, 21);
INSERT INTO CASILLAS_ADYACENCIA(casilla_id, adyacencia_id) VALUES(29, 28);
INSERT INTO CASILLAS_ADYACENCIA(casilla_id, adyacencia_id) VALUES(29, 30);
INSERT INTO CASILLAS_ADYACENCIA(casilla_id, adyacencia_id) VALUES(29, 37);
INSERT INTO CASILLAS_ADYACENCIA(casilla_id, adyacencia_id) VALUES(29, 38);
--CASILLA 30
INSERT INTO CASILLAS_ADYACENCIA(casilla_id, adyacencia_id) VALUES(30, 21);
INSERT INTO CASILLAS_ADYACENCIA(casilla_id, adyacencia_id) VALUES(30, 22);
INSERT INTO CASILLAS_ADYACENCIA(casilla_id, adyacencia_id) VALUES(30, 29);
INSERT INTO CASILLAS_ADYACENCIA(casilla_id, adyacencia_id) VALUES(30, 31);
INSERT INTO CASILLAS_ADYACENCIA(casilla_id, adyacencia_id) VALUES(30, 38);
INSERT INTO CASILLAS_ADYACENCIA(casilla_id, adyacencia_id) VALUES(30, 39);
--CASILLA 31
INSERT INTO CASILLAS_ADYACENCIA(casilla_id, adyacencia_id) VALUES(31, 22);
INSERT INTO CASILLAS_ADYACENCIA(casilla_id, adyacencia_id) VALUES(31, 23);
INSERT INTO CASILLAS_ADYACENCIA(casilla_id, adyacencia_id) VALUES(31, 30);
INSERT INTO CASILLAS_ADYACENCIA(casilla_id, adyacencia_id) VALUES(31, 32);
INSERT INTO CASILLAS_ADYACENCIA(casilla_id, adyacencia_id) VALUES(31, 39);
INSERT INTO CASILLAS_ADYACENCIA(casilla_id, adyacencia_id) VALUES(31, 40);
--CASILLA 32
INSERT INTO CASILLAS_ADYACENCIA(casilla_id, adyacencia_id) VALUES(32, 23);
INSERT INTO CASILLAS_ADYACENCIA(casilla_id, adyacencia_id) VALUES(32, 24);
INSERT INTO CASILLAS_ADYACENCIA(casilla_id, adyacencia_id) VALUES(32, 31);
INSERT INTO CASILLAS_ADYACENCIA(casilla_id, adyacencia_id) VALUES(32, 33);
INSERT INTO CASILLAS_ADYACENCIA(casilla_id, adyacencia_id) VALUES(32, 40);
INSERT INTO CASILLAS_ADYACENCIA(casilla_id, adyacencia_id) VALUES(32, 41);
--CASILLA 33
INSERT INTO CASILLAS_ADYACENCIA(casilla_id, adyacencia_id) VALUES(33, 24);
INSERT INTO CASILLAS_ADYACENCIA(casilla_id, adyacencia_id) VALUES(33, 25);
INSERT INTO CASILLAS_ADYACENCIA(casilla_id, adyacencia_id) VALUES(33, 32);
INSERT INTO CASILLAS_ADYACENCIA(casilla_id, adyacencia_id) VALUES(33, 34);
INSERT INTO CASILLAS_ADYACENCIA(casilla_id, adyacencia_id) VALUES(33, 41);
INSERT INTO CASILLAS_ADYACENCIA(casilla_id, adyacencia_id) VALUES(33, 42);
--CASILLA 34
INSERT INTO CASILLAS_ADYACENCIA(casilla_id, adyacencia_id) VALUES(34, 25);
INSERT INTO CASILLAS_ADYACENCIA(casilla_id, adyacencia_id) VALUES(34, 26);
INSERT INTO CASILLAS_ADYACENCIA(casilla_id, adyacencia_id) VALUES(34, 33);
INSERT INTO CASILLAS_ADYACENCIA(casilla_id, adyacencia_id) VALUES(34, 35);
INSERT INTO CASILLAS_ADYACENCIA(casilla_id, adyacencia_id) VALUES(34, 42);
INSERT INTO CASILLAS_ADYACENCIA(casilla_id, adyacencia_id) VALUES(34, 43);
--CASILLA 35
INSERT INTO CASILLAS_ADYACENCIA(casilla_id, adyacencia_id) VALUES(35, 26);
INSERT INTO CASILLAS_ADYACENCIA(casilla_id, adyacencia_id) VALUES(35, 34);
INSERT INTO CASILLAS_ADYACENCIA(casilla_id, adyacencia_id) VALUES(35, 43);
-------------------------------FILA 6---------------------------------
--CASILLA 36
INSERT INTO CASILLAS_ADYACENCIA(casilla_id, adyacencia_id) VALUES(36, 27);
INSERT INTO CASILLAS_ADYACENCIA(casilla_id, adyacencia_id) VALUES(36, 28);
INSERT INTO CASILLAS_ADYACENCIA(casilla_id, adyacencia_id) VALUES(36, 37);
INSERT INTO CASILLAS_ADYACENCIA(casilla_id, adyacencia_id) VALUES(36, 44);
--CASILLA 37
INSERT INTO CASILLAS_ADYACENCIA(casilla_id, adyacencia_id) VALUES(37, 28);
INSERT INTO CASILLAS_ADYACENCIA(casilla_id, adyacencia_id) VALUES(37, 29);
INSERT INTO CASILLAS_ADYACENCIA(casilla_id, adyacencia_id) VALUES(37, 36);
INSERT INTO CASILLAS_ADYACENCIA(casilla_id, adyacencia_id) VALUES(37, 38);
INSERT INTO CASILLAS_ADYACENCIA(casilla_id, adyacencia_id) VALUES(37, 44);
INSERT INTO CASILLAS_ADYACENCIA(casilla_id, adyacencia_id) VALUES(37, 45);
--CASILLA 38
INSERT INTO CASILLAS_ADYACENCIA(casilla_id, adyacencia_id) VALUES(38, 29);
INSERT INTO CASILLAS_ADYACENCIA(casilla_id, adyacencia_id) VALUES(38, 30);
INSERT INTO CASILLAS_ADYACENCIA(casilla_id, adyacencia_id) VALUES(38, 37);
INSERT INTO CASILLAS_ADYACENCIA(casilla_id, adyacencia_id) VALUES(38, 39);
INSERT INTO CASILLAS_ADYACENCIA(casilla_id, adyacencia_id) VALUES(38, 45);
INSERT INTO CASILLAS_ADYACENCIA(casilla_id, adyacencia_id) VALUES(38, 46);
--CASILLA 39
INSERT INTO CASILLAS_ADYACENCIA(casilla_id, adyacencia_id) VALUES(39, 30);
INSERT INTO CASILLAS_ADYACENCIA(casilla_id, adyacencia_id) VALUES(39, 31);
INSERT INTO CASILLAS_ADYACENCIA(casilla_id, adyacencia_id) VALUES(39, 38);
INSERT INTO CASILLAS_ADYACENCIA(casilla_id, adyacencia_id) VALUES(39, 40);
INSERT INTO CASILLAS_ADYACENCIA(casilla_id, adyacencia_id) VALUES(39, 46);
INSERT INTO CASILLAS_ADYACENCIA(casilla_id, adyacencia_id) VALUES(39, 47);
--CASILLA 40
INSERT INTO CASILLAS_ADYACENCIA(casilla_id, adyacencia_id) VALUES(40, 31);
INSERT INTO CASILLAS_ADYACENCIA(casilla_id, adyacencia_id) VALUES(40, 32);
INSERT INTO CASILLAS_ADYACENCIA(casilla_id, adyacencia_id) VALUES(40, 39);
INSERT INTO CASILLAS_ADYACENCIA(casilla_id, adyacencia_id) VALUES(40, 41);
INSERT INTO CASILLAS_ADYACENCIA(casilla_id, adyacencia_id) VALUES(40, 47);
INSERT INTO CASILLAS_ADYACENCIA(casilla_id, adyacencia_id) VALUES(40, 48);
--CASILLA 41
INSERT INTO CASILLAS_ADYACENCIA(casilla_id, adyacencia_id) VALUES(41, 32);
INSERT INTO CASILLAS_ADYACENCIA(casilla_id, adyacencia_id) VALUES(41, 33);
INSERT INTO CASILLAS_ADYACENCIA(casilla_id, adyacencia_id) VALUES(41, 40);
INSERT INTO CASILLAS_ADYACENCIA(casilla_id, adyacencia_id) VALUES(41, 42);
INSERT INTO CASILLAS_ADYACENCIA(casilla_id, adyacencia_id) VALUES(41, 48);
INSERT INTO CASILLAS_ADYACENCIA(casilla_id, adyacencia_id) VALUES(41, 49);
--CASILLA 42
INSERT INTO CASILLAS_ADYACENCIA(casilla_id, adyacencia_id) VALUES(42, 33);
INSERT INTO CASILLAS_ADYACENCIA(casilla_id, adyacencia_id) VALUES(42, 34);
INSERT INTO CASILLAS_ADYACENCIA(casilla_id, adyacencia_id) VALUES(42, 41);
INSERT INTO CASILLAS_ADYACENCIA(casilla_id, adyacencia_id) VALUES(42, 43);
INSERT INTO CASILLAS_ADYACENCIA(casilla_id, adyacencia_id) VALUES(42, 49);
INSERT INTO CASILLAS_ADYACENCIA(casilla_id, adyacencia_id) VALUES(42, 50);
--CASILLA 43
INSERT INTO CASILLAS_ADYACENCIA(casilla_id, adyacencia_id) VALUES(43, 34);
INSERT INTO CASILLAS_ADYACENCIA(casilla_id, adyacencia_id) VALUES(43, 35);
INSERT INTO CASILLAS_ADYACENCIA(casilla_id, adyacencia_id) VALUES(43, 42);
INSERT INTO CASILLAS_ADYACENCIA(casilla_id, adyacencia_id) VALUES(43, 50);
-------------------------------FILA 7---------------------------------
--CASILLA 44
INSERT INTO CASILLAS_ADYACENCIA(casilla_id, adyacencia_id) VALUES(44, 36);
INSERT INTO CASILLAS_ADYACENCIA(casilla_id, adyacencia_id) VALUES(44, 37);
INSERT INTO CASILLAS_ADYACENCIA(casilla_id, adyacencia_id) VALUES(44, 45);
INSERT INTO CASILLAS_ADYACENCIA(casilla_id, adyacencia_id) VALUES(44, 51);
--CASILLA 45
INSERT INTO CASILLAS_ADYACENCIA(casilla_id, adyacencia_id) VALUES(45, 37);
INSERT INTO CASILLAS_ADYACENCIA(casilla_id, adyacencia_id) VALUES(45, 38);
INSERT INTO CASILLAS_ADYACENCIA(casilla_id, adyacencia_id) VALUES(45, 44);
INSERT INTO CASILLAS_ADYACENCIA(casilla_id, adyacencia_id) VALUES(45, 46);
INSERT INTO CASILLAS_ADYACENCIA(casilla_id, adyacencia_id) VALUES(45, 51);
INSERT INTO CASILLAS_ADYACENCIA(casilla_id, adyacencia_id) VALUES(45, 52);
--CASILLA 46
INSERT INTO CASILLAS_ADYACENCIA(casilla_id, adyacencia_id) VALUES(46, 38);
INSERT INTO CASILLAS_ADYACENCIA(casilla_id, adyacencia_id) VALUES(46, 39);
INSERT INTO CASILLAS_ADYACENCIA(casilla_id, adyacencia_id) VALUES(46, 45);
INSERT INTO CASILLAS_ADYACENCIA(casilla_id, adyacencia_id) VALUES(46, 47);
INSERT INTO CASILLAS_ADYACENCIA(casilla_id, adyacencia_id) VALUES(46, 52);
INSERT INTO CASILLAS_ADYACENCIA(casilla_id, adyacencia_id) VALUES(46, 53);
--CASILLA 47
INSERT INTO CASILLAS_ADYACENCIA(casilla_id, adyacencia_id) VALUES(47, 39);
INSERT INTO CASILLAS_ADYACENCIA(casilla_id, adyacencia_id) VALUES(47, 40);
INSERT INTO CASILLAS_ADYACENCIA(casilla_id, adyacencia_id) VALUES(47, 46);
INSERT INTO CASILLAS_ADYACENCIA(casilla_id, adyacencia_id) VALUES(47, 48);
INSERT INTO CASILLAS_ADYACENCIA(casilla_id, adyacencia_id) VALUES(47, 53);
INSERT INTO CASILLAS_ADYACENCIA(casilla_id, adyacencia_id) VALUES(47, 54);
--CASILLA 48
INSERT INTO CASILLAS_ADYACENCIA(casilla_id, adyacencia_id) VALUES(48, 40);
INSERT INTO CASILLAS_ADYACENCIA(casilla_id, adyacencia_id) VALUES(48, 41);
INSERT INTO CASILLAS_ADYACENCIA(casilla_id, adyacencia_id) VALUES(48, 47);
INSERT INTO CASILLAS_ADYACENCIA(casilla_id, adyacencia_id) VALUES(48, 49);
INSERT INTO CASILLAS_ADYACENCIA(casilla_id, adyacencia_id) VALUES(48, 54);
INSERT INTO CASILLAS_ADYACENCIA(casilla_id, adyacencia_id) VALUES(48, 55);
--CASILLA 49
INSERT INTO CASILLAS_ADYACENCIA(casilla_id, adyacencia_id) VALUES(49, 41);
INSERT INTO CASILLAS_ADYACENCIA(casilla_id, adyacencia_id) VALUES(49, 42);
INSERT INTO CASILLAS_ADYACENCIA(casilla_id, adyacencia_id) VALUES(49, 48);
INSERT INTO CASILLAS_ADYACENCIA(casilla_id, adyacencia_id) VALUES(49, 50);
INSERT INTO CASILLAS_ADYACENCIA(casilla_id, adyacencia_id) VALUES(49, 55);
INSERT INTO CASILLAS_ADYACENCIA(casilla_id, adyacencia_id) VALUES(49, 56);
--CASILLA 50
INSERT INTO CASILLAS_ADYACENCIA(casilla_id, adyacencia_id) VALUES(50, 42);
INSERT INTO CASILLAS_ADYACENCIA(casilla_id, adyacencia_id) VALUES(50, 43);
INSERT INTO CASILLAS_ADYACENCIA(casilla_id, adyacencia_id) VALUES(50, 49);
INSERT INTO CASILLAS_ADYACENCIA(casilla_id, adyacencia_id) VALUES(50, 56);
-------------------------------FILA 8---------------------------------
--CASILLA 51
INSERT INTO CASILLAS_ADYACENCIA(casilla_id, adyacencia_id) VALUES(51, 44);
INSERT INTO CASILLAS_ADYACENCIA(casilla_id, adyacencia_id) VALUES(51, 45);
INSERT INTO CASILLAS_ADYACENCIA(casilla_id, adyacencia_id) VALUES(51, 52);
INSERT INTO CASILLAS_ADYACENCIA(casilla_id, adyacencia_id) VALUES(51, 57);
--CASILLA 52
INSERT INTO CASILLAS_ADYACENCIA(casilla_id, adyacencia_id) VALUES(52, 45);
INSERT INTO CASILLAS_ADYACENCIA(casilla_id, adyacencia_id) VALUES(52, 46);
INSERT INTO CASILLAS_ADYACENCIA(casilla_id, adyacencia_id) VALUES(52, 51);
INSERT INTO CASILLAS_ADYACENCIA(casilla_id, adyacencia_id) VALUES(52, 53);
INSERT INTO CASILLAS_ADYACENCIA(casilla_id, adyacencia_id) VALUES(52, 57);
INSERT INTO CASILLAS_ADYACENCIA(casilla_id, adyacencia_id) VALUES(52, 58);
--CASILLA 53
INSERT INTO CASILLAS_ADYACENCIA(casilla_id, adyacencia_id) VALUES(53, 46);
INSERT INTO CASILLAS_ADYACENCIA(casilla_id, adyacencia_id) VALUES(53, 47);
INSERT INTO CASILLAS_ADYACENCIA(casilla_id, adyacencia_id) VALUES(53, 52);
INSERT INTO CASILLAS_ADYACENCIA(casilla_id, adyacencia_id) VALUES(53, 54);
INSERT INTO CASILLAS_ADYACENCIA(casilla_id, adyacencia_id) VALUES(53, 58);
INSERT INTO CASILLAS_ADYACENCIA(casilla_id, adyacencia_id) VALUES(53, 59);
--CASILLA 54
INSERT INTO CASILLAS_ADYACENCIA(casilla_id, adyacencia_id) VALUES(54, 47);
INSERT INTO CASILLAS_ADYACENCIA(casilla_id, adyacencia_id) VALUES(54, 48);
INSERT INTO CASILLAS_ADYACENCIA(casilla_id, adyacencia_id) VALUES(54, 53);
INSERT INTO CASILLAS_ADYACENCIA(casilla_id, adyacencia_id) VALUES(54, 55);
INSERT INTO CASILLAS_ADYACENCIA(casilla_id, adyacencia_id) VALUES(54, 59);
INSERT INTO CASILLAS_ADYACENCIA(casilla_id, adyacencia_id) VALUES(54, 60);
--CASILLA 55
INSERT INTO CASILLAS_ADYACENCIA(casilla_id, adyacencia_id) VALUES(55, 48);
INSERT INTO CASILLAS_ADYACENCIA(casilla_id, adyacencia_id) VALUES(55, 49);
INSERT INTO CASILLAS_ADYACENCIA(casilla_id, adyacencia_id) VALUES(55, 54);
INSERT INTO CASILLAS_ADYACENCIA(casilla_id, adyacencia_id) VALUES(55, 56);
INSERT INTO CASILLAS_ADYACENCIA(casilla_id, adyacencia_id) VALUES(55, 60);
INSERT INTO CASILLAS_ADYACENCIA(casilla_id, adyacencia_id) VALUES(55, 61);
--CASILLA 56
INSERT INTO CASILLAS_ADYACENCIA(casilla_id, adyacencia_id) VALUES(56, 49);
INSERT INTO CASILLAS_ADYACENCIA(casilla_id, adyacencia_id) VALUES(56, 50);
INSERT INTO CASILLAS_ADYACENCIA(casilla_id, adyacencia_id) VALUES(56, 55);
INSERT INTO CASILLAS_ADYACENCIA(casilla_id, adyacencia_id) VALUES(56, 61);
-------------------------------FILA 9---------------------------------
--CASILLA 57
INSERT INTO CASILLAS_ADYACENCIA(casilla_id, adyacencia_id) VALUES(57, 51);
INSERT INTO CASILLAS_ADYACENCIA(casilla_id, adyacencia_id) VALUES(57, 52);
INSERT INTO CASILLAS_ADYACENCIA(casilla_id, adyacencia_id) VALUES(57, 58);
--CASILLA 58
INSERT INTO CASILLAS_ADYACENCIA(casilla_id, adyacencia_id) VALUES(58, 52);
INSERT INTO CASILLAS_ADYACENCIA(casilla_id, adyacencia_id) VALUES(58, 53);
INSERT INTO CASILLAS_ADYACENCIA(casilla_id, adyacencia_id) VALUES(58, 57);
INSERT INTO CASILLAS_ADYACENCIA(casilla_id, adyacencia_id) VALUES(58, 59);
--CASILLA 59
INSERT INTO CASILLAS_ADYACENCIA(casilla_id, adyacencia_id) VALUES(59, 53);
INSERT INTO CASILLAS_ADYACENCIA(casilla_id, adyacencia_id) VALUES(59, 54);
INSERT INTO CASILLAS_ADYACENCIA(casilla_id, adyacencia_id) VALUES(59, 58);
INSERT INTO CASILLAS_ADYACENCIA(casilla_id, adyacencia_id) VALUES(59, 60);
--CASILLA 60
INSERT INTO CASILLAS_ADYACENCIA(casilla_id, adyacencia_id) VALUES(60, 54);
INSERT INTO CASILLAS_ADYACENCIA(casilla_id, adyacencia_id) VALUES(60, 55);
INSERT INTO CASILLAS_ADYACENCIA(casilla_id, adyacencia_id) VALUES(60, 59);
INSERT INTO CASILLAS_ADYACENCIA(casilla_id, adyacencia_id) VALUES(60, 61);
--CASILLA 61
INSERT INTO CASILLAS_ADYACENCIA(casilla_id, adyacencia_id) VALUES(61, 55);
INSERT INTO CASILLAS_ADYACENCIA(casilla_id, adyacencia_id) VALUES(61, 56);
INSERT INTO CASILLAS_ADYACENCIA(casilla_id, adyacencia_id) VALUES(61, 60);

INSERT INTO PARTIDAS(id,puntos_tablero1,puntos_tablero2,puntos_tablero3,puntos_tablero4, fecha  ,id_criterioa1,id_criterioa2,id_criteriob1,id_criteriob2,id_tablero1,id_tablero2,id_tablero3,id_tablero4 )
VALUES(1,0,0,0,0,NULL, 0,0,0,0,1,1,1,1);

INSERT INTO PARTIDAS(id,puntos_tablero1,puntos_tablero2,puntos_tablero3,puntos_tablero4, fecha,id_criterioa1,id_criterioa2,id_criteriob1,id_criteriob2,id_tablero1,id_tablero2,id_tablero3,id_tablero4 )
VALUES(2,0,0,0,0,NULL, 0,0,0,0,1,1,1,1);

INSERT INTO TURNOS(id, id_jugador, id_partida,num_territoriosj1,num_territoriosj2,num_territoriosj3,num_territoriosj4,territorio)
 VALUES(1,1,1,4,0,0,0,2);

INSERT INTO ACCIONES (id, turno_id, id_jugador, casilla_id) VALUES(1,1,1,1);
INSERT INTO ACCIONES (id, turno_id, id_jugador, casilla_id) VALUES(2,1,1,2);
INSERT INTO ACCIONES (id, turno_id, id_jugador, casilla_id) VALUES(3,1,1,3);
INSERT INTO ACCIONES (id, turno_id, id_jugador, casilla_id) VALUES(4,1,1,4);






-- One admin user, named admin1 with passwor 4dm1n and authority admin
INSERT INTO users(username,password,enabled) VALUES ('admin1','4dm1n',TRUE);
INSERT INTO authorities(id,username,authority) VALUES (1,'admin1','admin');
-- One owner user, named owner1 with passwor 0wn3r
INSERT INTO users(username,password,enabled) VALUES ('owner1','0wn3r',TRUE);
INSERT INTO authorities(id,username,authority) VALUES (2,'owner1','owner');
-- One vet user, named vet1 with passwor v3t
INSERT INTO users(username,password,enabled) VALUES ('vet1','v3t',TRUE);
INSERT INTO authorities(id,username,authority) VALUES (3,'vet1','veterinarian');
-- Owner user
INSERT INTO users(username,password,enabled) VALUES ('fravilpae','password',TRUE);
INSERT INTO authorities(id,username,authority) VALUES (4,'fravilpae','owner');

INSERT INTO users(username,password,enabled) VALUES ('jeszamgue','password',TRUE);
INSERT INTO authorities(id,username,authority) VALUES (5,'jeszamgue','owner');

INSERT INTO users(username,password,enabled) VALUES ('aitroddue','password',TRUE);
INSERT INTO authorities(id,username,authority) VALUES (6,'aitroddue','owner');

INSERT INTO vets(id, first_name,last_name) VALUES (1, 'James', 'Carter');
INSERT INTO vets(id, first_name,last_name) VALUES (2, 'Helen', 'Leary');
INSERT INTO vets(id, first_name,last_name) VALUES (3, 'Linda', 'Douglas');
INSERT INTO vets(id, first_name,last_name) VALUES (4, 'Rafael', 'Ortega');
INSERT INTO vets(id, first_name,last_name) VALUES (5, 'Henry', 'Stevens');
INSERT INTO vets(id, first_name,last_name) VALUES (6, 'Sharon', 'Jenkins');

INSERT INTO specialties VALUES (1, 'radiology');
INSERT INTO specialties VALUES (2, 'surgery');
INSERT INTO specialties VALUES (3, 'dentistry');

INSERT INTO vet_specialties VALUES (2, 1);
INSERT INTO vet_specialties VALUES (3, 2);
INSERT INTO vet_specialties VALUES (3, 3);
INSERT INTO vet_specialties VALUES (4, 2);
INSERT INTO vet_specialties VALUES (5, 1);

INSERT INTO types VALUES (1, 'cat');
INSERT INTO types VALUES (2, 'dog');
INSERT INTO types VALUES (3, 'lizard');
INSERT INTO types VALUES (4, 'snake');
INSERT INTO types VALUES (5, 'bird');
INSERT INTO types VALUES (6, 'hamster');
INSERT INTO types VALUES (7, 'turtle');

INSERT INTO owners VALUES (1, 'George', 'Franklin', '110 W. Liberty St.', 'Madison', '6085551023', 'owner1');
INSERT INTO owners VALUES (2, 'Betty', 'Davis', '638 Cardinal Ave.', 'Sun Prairie', '6085551749', 'owner1');
INSERT INTO owners VALUES (3, 'Eduardo', 'Rodriquez', '2693 Commerce St.', 'McFarland', '6085558763', 'owner1');
INSERT INTO owners VALUES (4, 'Harold', 'Davis', '563 Friendly St.', 'Windsor', '6085553198', 'owner1');
INSERT INTO owners VALUES (5, 'Peter', 'McTavish', '2387 S. Fair Way', 'Madison', '6085552765', 'owner1');
INSERT INTO owners VALUES (6, 'Jean', 'Coleman', '105 N. Lake St.', 'Monona', '6085552654', 'owner1');
INSERT INTO owners VALUES (7, 'Jeff', 'Black', '1450 Oak Blvd.', 'Monona', '6085555387', 'owner1');
INSERT INTO owners VALUES (8, 'Maria', 'Escobito', '345 Maple St.', 'Madison', '6085557683', 'owner1');
INSERT INTO owners VALUES (9, 'David', 'Schroeder', '2749 Blackhawk Trail', 'Madison', '6085559435', 'owner1');
INSERT INTO owners VALUES (10, 'Carlos', 'Estaban', '2335 Independence La.', 'Waunakee', '6085555487', 'owner1');
INSERT INTO owners VALUES (11, 'Francis', 'Villalobos', '112 Smith Ave.', 'Detroit', '622316650', 'fravilpae');
INSERT INTO owners VALUES (12, 'Jesus', 'Zambrana', '9 Spain Ave.', 'Seville', '722870612', 'jeszamgue');
INSERT INTO owners VALUES (13, 'Aitor', 'Rodriguez', '18 Diego St.', 'Seville', '654743409', 'aitroddue');


INSERT INTO pets(id,name,birth_date,type_id,owner_id) VALUES (1, 'Leo', '2010-09-07', 1, 1);
INSERT INTO pets(id,name,birth_date,type_id,owner_id) VALUES (2, 'Basil', '2012-08-06', 6, 2);
INSERT INTO pets(id,name,birth_date,type_id,owner_id) VALUES (3, 'Rosy', '2011-04-17', 2, 3);
INSERT INTO pets(id,name,birth_date,type_id,owner_id) VALUES (4, 'Jewel', '2010-03-07', 2, 3);
INSERT INTO pets(id,name,birth_date,type_id,owner_id) VALUES (5, 'Iggy', '2010-11-30', 3, 4);
INSERT INTO pets(id,name,birth_date,type_id,owner_id) VALUES (6, 'George', '2010-01-20', 4, 5);
INSERT INTO pets(id,name,birth_date,type_id,owner_id) VALUES (7, 'Samantha', '2012-09-04', 1, 6);
INSERT INTO pets(id,name,birth_date,type_id,owner_id) VALUES (8, 'Max', '2012-09-04', 1, 6);
INSERT INTO pets(id,name,birth_date,type_id,owner_id) VALUES (9, 'Lucky', '2011-08-06', 5, 7);
INSERT INTO pets(id,name,birth_date,type_id,owner_id) VALUES (10, 'Mulligan', '2007-02-24', 2, 8);
INSERT INTO pets(id,name,birth_date,type_id,owner_id) VALUES (11, 'Freddy', '2010-03-09', 5, 9);
INSERT INTO pets(id,name,birth_date,type_id,owner_id) VALUES (12, 'Lucky', '2010-06-24', 2, 10);
INSERT INTO pets(id,name,birth_date,type_id,owner_id) VALUES (13, 'Sly', '2012-06-08', 1, 10);
INSERT INTO pets(id,name,birth_date,type_id,owner_id) VALUES (14, 'Perry', '2022-06-08', 2, 11);
INSERT INTO pets(id,name,birth_date,type_id,owner_id) VALUES (15, 'kamuy', '2021-07-08', 1, 12);
INSERT INTO pets(id,name,birth_date,type_id,owner_id) VALUES (16, 'Steven', '2020-10-10', 5, 13);

INSERT INTO visits(id,pet_id,visit_date,description) VALUES (1, 7, '2013-01-01', 'rabies shot');
INSERT INTO visits(id,pet_id,visit_date,description) VALUES (2, 8, '2013-01-02', 'rabies shot');
INSERT INTO visits(id,pet_id,visit_date,description) VALUES (3, 8, '2013-01-03', 'neutered');
INSERT INTO visits(id,pet_id,visit_date,description) VALUES (4, 7, '2013-01-04', 'spayed');

