--FILA 1
INSERT INTO CASILLAS(id, borde ,poder1, poder2, fila, columna,casilla_opuesta_id) VALUES(1,true,false,false, 17, 1,61);
INSERT INTO CASILLAS(id, borde ,poder1, poder2, fila, columna,casilla_opuesta_id) VALUES(2,true,false,false, 26, 1,60);
INSERT INTO CASILLAS(id, borde ,poder1, poder2, fila, columna,casilla_opuesta_id) VALUES(3,true,false,false, 35, 1,59);
INSERT INTO CASILLAS(id, borde ,poder1, poder2, fila, columna,casilla_opuesta_id) VALUES(4,true,false,false, 44, 1,58);
INSERT INTO CASILLAS(id, borde ,poder1, poder2, fila, columna,casilla_opuesta_id) VALUES(5,true,false,false, 53, 1,57);
--FILA 2
INSERT INTO CASILLAS(id, borde ,poder1, poder2, fila, columna,casilla_opuesta_id) VALUES(6,true,false,false,13, 9,56);
INSERT INTO CASILLAS(id, borde ,poder1, poder2, fila, columna,casilla_opuesta_id) VALUES(7,false,true,false,22, 9,0);
INSERT INTO CASILLAS(id, borde ,poder1, poder2, fila, columna,casilla_opuesta_id) VALUES(8,false,false,false,30.8, 9,0);
INSERT INTO CASILLAS(id, borde ,poder1, poder2, fila, columna,casilla_opuesta_id) VALUES(9,false,false,false,39.8, 9,0);
INSERT INTO CASILLAS(id, borde ,poder1, poder2, fila, columna,casilla_opuesta_id) VALUES(10,false,true,false,48.6, 9,0);
INSERT INTO CASILLAS(id, borde ,poder1, poder2, fila, columna,casilla_opuesta_id) VALUES(11,true,false,false,57.5, 9,51);
--FILA 3
INSERT INTO CASILLAS(id, borde ,poder1, poder2, fila, columna,casilla_opuesta_id) VALUES(12,true,false,false,8, 17,50);
INSERT INTO CASILLAS(id, borde ,poder1, poder2, fila, columna,casilla_opuesta_id) VALUES(13,false,false,false,17, 17,0);
INSERT INTO CASILLAS(id, borde ,poder1, poder2, fila, columna,casilla_opuesta_id) VALUES(14,false,false,false,26, 17,0);
INSERT INTO CASILLAS(id, borde ,poder1, poder2, fila, columna,casilla_opuesta_id) VALUES(15,false,false,false,35, 17,0);
INSERT INTO CASILLAS(id, borde ,poder1, poder2, fila, columna,casilla_opuesta_id) VALUES(16,false,false,false,43.8, 17,0);
INSERT INTO CASILLAS(id, borde ,poder1, poder2, fila, columna,casilla_opuesta_id) VALUES(17,false,false,false,52.6, 17,0);
INSERT INTO CASILLAS(id, borde ,poder1, poder2, fila, columna,casilla_opuesta_id) VALUES(18,true,false,false,61.5, 17,44);
--FILA 4
INSERT INTO CASILLAS(id, borde ,poder1, poder2, fila, columna,casilla_opuesta_id) VALUES(19,true,false,false,4, 24,43);
INSERT INTO CASILLAS(id, borde ,poder1, poder2, fila, columna,casilla_opuesta_id) VALUES(20,false,false,false,13, 24,0);
INSERT INTO CASILLAS(id, borde ,poder1, poder2, fila, columna,casilla_opuesta_id) VALUES(21,false,false,false,22, 24,0);
INSERT INTO CASILLAS(id, borde ,poder1, poder2, fila, columna,casilla_opuesta_id) VALUES(22,false,false,false,30.8, 24,0);
INSERT INTO CASILLAS(id, borde ,poder1, poder2, fila, columna,casilla_opuesta_id) VALUES(23,false,false,false,39.6, 24,0);
INSERT INTO CASILLAS(id, borde ,poder1, poder2, fila, columna,casilla_opuesta_id) VALUES(24,false,false,false,48.4, 24,0);
INSERT INTO CASILLAS(id, borde ,poder1, poder2, fila, columna,casilla_opuesta_id) VALUES(25,false,false,false,57.2, 24,0);
INSERT INTO CASILLAS(id, borde ,poder1, poder2, fila, columna,casilla_opuesta_id) VALUES(26,true,false,false,66, 24,36);
--FILA 5
INSERT INTO CASILLAS(id, borde ,poder1, poder2, fila, columna,casilla_opuesta_id) VALUES(27,true,true,false,0, 32,35);
INSERT INTO CASILLAS(id, borde ,poder1, poder2, fila, columna,casilla_opuesta_id) VALUES(28,false,false,false,9, 32,0);
INSERT INTO CASILLAS(id, borde ,poder1, poder2, fila, columna,casilla_opuesta_id) VALUES(29,false,false,false,17.8, 32,0);
INSERT INTO CASILLAS(id, borde ,poder1, poder2, fila, columna,casilla_opuesta_id) VALUES(30,false,false,false,26.4, 32,0);
INSERT INTO CASILLAS(id, borde ,poder1, poder2, fila, columna,casilla_opuesta_id) VALUES(31,false,false,true,35.2, 32,0);
INSERT INTO CASILLAS(id, borde ,poder1, poder2, fila, columna,casilla_opuesta_id) VALUES(32,false,false,false,44, 32,0);
INSERT INTO CASILLAS(id, borde ,poder1, poder2, fila, columna,casilla_opuesta_id) VALUES(33,false,false,false,53, 32,0);
INSERT INTO CASILLAS(id, borde ,poder1, poder2, fila, columna,casilla_opuesta_id) VALUES(34,false,false,false,61.7, 32,0);
INSERT INTO CASILLAS(id, borde ,poder1, poder2, fila, columna,casilla_opuesta_id) VALUES(35,true,true,false,70.4, 32,27);
--FILA 6
INSERT INTO CASILLAS(id, borde ,poder1, poder2, fila, columna,casilla_opuesta_id) VALUES(36,true,false,false,4,40,26);
INSERT INTO CASILLAS(id, borde ,poder1, poder2, fila, columna,casilla_opuesta_id) VALUES(37,false,false,false,13, 40,0);
INSERT INTO CASILLAS(id, borde ,poder1, poder2, fila, columna,casilla_opuesta_id) VALUES(38,false,false,false,22, 40,0);
INSERT INTO CASILLAS(id, borde ,poder1, poder2, fila, columna,casilla_opuesta_id) VALUES(39,false,false,false,30.8, 40,0);
INSERT INTO CASILLAS(id, borde ,poder1, poder2, fila, columna,casilla_opuesta_id) VALUES(40,false,false,false,39.6, 40,0);
INSERT INTO CASILLAS(id, borde ,poder1, poder2, fila, columna,casilla_opuesta_id) VALUES(41,false,false,false,48.4, 40,0);
INSERT INTO CASILLAS(id, borde ,poder1, poder2, fila, columna,casilla_opuesta_id) VALUES(42,false,false,false,57.2, 40,0);
INSERT INTO CASILLAS(id, borde ,poder1, poder2, fila, columna,casilla_opuesta_id) VALUES(43,true,false,false,66, 40,19);
--FILA 7
INSERT INTO CASILLAS(id, borde ,poder1, poder2, fila, columna,casilla_opuesta_id) VALUES(44,true,false,false,9,47,18);
INSERT INTO CASILLAS(id, borde ,poder1, poder2, fila, columna,casilla_opuesta_id) VALUES(45,false,false,false,17.8, 47,0);
INSERT INTO CASILLAS(id, borde ,poder1, poder2, fila, columna,casilla_opuesta_id) VALUES(46,false,false,false,26.4, 47,0);
INSERT INTO CASILLAS(id, borde ,poder1, poder2, fila, columna,casilla_opuesta_id) VALUES(47,false,false,false,35.2, 47,0);
INSERT INTO CASILLAS(id, borde ,poder1, poder2, fila, columna,casilla_opuesta_id) VALUES(48,false,false,false,44,47,0);
INSERT INTO CASILLAS(id, borde ,poder1, poder2, fila, columna,casilla_opuesta_id) VALUES(49,false,false,false,53, 47,0);
INSERT INTO CASILLAS(id, borde ,poder1, poder2, fila, columna,casilla_opuesta_id) VALUES(50,true,false,false,61.7, 47,12);
--FILA 8
INSERT INTO CASILLAS(id, borde ,poder1, poder2, fila, columna,casilla_opuesta_id) VALUES(51,true,false,false,13, 55,11);
INSERT INTO CASILLAS(id, borde ,poder1, poder2, fila, columna,casilla_opuesta_id) VALUES(52,false,true,false,22, 55,0);
INSERT INTO CASILLAS(id, borde ,poder1, poder2, fila, columna,casilla_opuesta_id) VALUES(53,false,false,false,30.8, 55,0);
INSERT INTO CASILLAS(id, borde ,poder1, poder2, fila, columna,casilla_opuesta_id) VALUES(54,false,false,false,39.6, 55,0);
INSERT INTO CASILLAS(id, borde ,poder1, poder2, fila, columna,casilla_opuesta_id) VALUES(55,false,true,false,48.4, 55,0);
INSERT INTO CASILLAS(id, borde ,poder1, poder2, fila, columna,casilla_opuesta_id) VALUES(56,true,false,false,57.2, 55,6);
--FILA 9
INSERT INTO CASILLAS(id, borde ,poder1, poder2, fila, columna,casilla_opuesta_id) VALUES(57,true,false,false,17.8, 63,5);
INSERT INTO CASILLAS(id, borde ,poder1, poder2, fila, columna,casilla_opuesta_id) VALUES(58,true,false,false,26.4, 63,4);
INSERT INTO CASILLAS(id, borde ,poder1, poder2, fila, columna,casilla_opuesta_id) VALUES(59,true,false,false,35, 63,3);
INSERT INTO CASILLAS(id, borde ,poder1, poder2, fila, columna,casilla_opuesta_id) VALUES(60,true,false,false,43.6, 63,2);
INSERT INTO CASILLAS(id, borde ,poder1, poder2, fila, columna,casilla_opuesta_id) VALUES(61,true,false,false,52.8, 63,1);

-- Fila es un INTEGER, columna un FLOAT
-- Casillas adyacencia
-------------------------------FILA 1---------------------------------
--CASILLA 1
INSERT INTO CASILLAS_ADYACENCIA(casilla_id, adyacencia_id) VALUES(1, 2);
INSERT INTO CASILLAS_ADYACENCIA(casilla_id, adyacencia_id) VALUES(1, 6);
INSERT INTO CASILLAS_ADYACENCIA(casilla_id, adyacencia_id) VALUES(1, 7);
--CASILLA 2
INSERT INTO CASILLAS_ADYACENCIA(casilla_id, adyacencia_id) VALUES(2, 1);
INSERT INTO CASILLAS_ADYACENCIA(casilla_id, adyacencia_id) VALUES(2, 3);
INSERT INTO CASILLAS_ADYACENCIA(casilla_id, adyacencia_id) VALUES(2, 7);
INSERT INTO CASILLAS_ADYACENCIA(casilla_id, adyacencia_id) VALUES(2, 8);
--CASILLA 3
INSERT INTO CASILLAS_ADYACENCIA(casilla_id, adyacencia_id) VALUES(3, 2);
INSERT INTO CASILLAS_ADYACENCIA(casilla_id, adyacencia_id) VALUES(3, 4);
INSERT INTO CASILLAS_ADYACENCIA(casilla_id, adyacencia_id) VALUES(3, 8);
INSERT INTO CASILLAS_ADYACENCIA(casilla_id, adyacencia_id) VALUES(3, 9);
--CASILLA 4
INSERT INTO CASILLAS_ADYACENCIA(casilla_id, adyacencia_id) VALUES(4, 3);
INSERT INTO CASILLAS_ADYACENCIA(casilla_id, adyacencia_id) VALUES(4, 5);
INSERT INTO CASILLAS_ADYACENCIA(casilla_id, adyacencia_id) VALUES(4, 9);
INSERT INTO CASILLAS_ADYACENCIA(casilla_id, adyacencia_id) VALUES(4, 10);
--CASILLA 5
INSERT INTO CASILLAS_ADYACENCIA(casilla_id, adyacencia_id) VALUES(5, 4);
INSERT INTO CASILLAS_ADYACENCIA(casilla_id, adyacencia_id) VALUES(5, 10);
INSERT INTO CASILLAS_ADYACENCIA(casilla_id, adyacencia_id) VALUES(5, 11);

-------------------------------FILA 2---------------------------------
--CASILLA 6
INSERT INTO CASILLAS_ADYACENCIA(casilla_id, adyacencia_id) VALUES(6, 1);
INSERT INTO CASILLAS_ADYACENCIA(casilla_id, adyacencia_id) VALUES(6, 7);
INSERT INTO CASILLAS_ADYACENCIA(casilla_id, adyacencia_id) VALUES(6, 12);
INSERT INTO CASILLAS_ADYACENCIA(casilla_id, adyacencia_id) VALUES(6, 13);
--CASILLA 7
INSERT INTO CASILLAS_ADYACENCIA(casilla_id, adyacencia_id) VALUES(7, 1);
INSERT INTO CASILLAS_ADYACENCIA(casilla_id, adyacencia_id) VALUES(7, 2);
INSERT INTO CASILLAS_ADYACENCIA(casilla_id, adyacencia_id) VALUES(7, 6);
INSERT INTO CASILLAS_ADYACENCIA(casilla_id, adyacencia_id) VALUES(7, 8);
INSERT INTO CASILLAS_ADYACENCIA(casilla_id, adyacencia_id) VALUES(7, 13);
INSERT INTO CASILLAS_ADYACENCIA(casilla_id, adyacencia_id) VALUES(7, 14);
--CASILLA 8
INSERT INTO CASILLAS_ADYACENCIA(casilla_id, adyacencia_id) VALUES(8, 2);
INSERT INTO CASILLAS_ADYACENCIA(casilla_id, adyacencia_id) VALUES(8, 3);
INSERT INTO CASILLAS_ADYACENCIA(casilla_id, adyacencia_id) VALUES(8, 7);
INSERT INTO CASILLAS_ADYACENCIA(casilla_id, adyacencia_id) VALUES(8, 9);
INSERT INTO CASILLAS_ADYACENCIA(casilla_id, adyacencia_id) VALUES(8, 14);
INSERT INTO CASILLAS_ADYACENCIA(casilla_id, adyacencia_id) VALUES(8, 15);
--CASILLA 9
INSERT INTO CASILLAS_ADYACENCIA(casilla_id, adyacencia_id) VALUES(9, 3);
INSERT INTO CASILLAS_ADYACENCIA(casilla_id, adyacencia_id) VALUES(9, 4);
INSERT INTO CASILLAS_ADYACENCIA(casilla_id, adyacencia_id) VALUES(9, 8);
INSERT INTO CASILLAS_ADYACENCIA(casilla_id, adyacencia_id) VALUES(9, 10);
INSERT INTO CASILLAS_ADYACENCIA(casilla_id, adyacencia_id) VALUES(9, 15);
INSERT INTO CASILLAS_ADYACENCIA(casilla_id, adyacencia_id) VALUES(9, 16);
--CASILLA 10
INSERT INTO CASILLAS_ADYACENCIA(casilla_id, adyacencia_id) VALUES(10, 4);
INSERT INTO CASILLAS_ADYACENCIA(casilla_id, adyacencia_id) VALUES(10, 5);
INSERT INTO CASILLAS_ADYACENCIA(casilla_id, adyacencia_id) VALUES(10, 9);
INSERT INTO CASILLAS_ADYACENCIA(casilla_id, adyacencia_id) VALUES(10, 11);
INSERT INTO CASILLAS_ADYACENCIA(casilla_id, adyacencia_id) VALUES(10, 16);
INSERT INTO CASILLAS_ADYACENCIA(casilla_id, adyacencia_id) VALUES(10, 17);
--CASILLA 11
INSERT INTO CASILLAS_ADYACENCIA(casilla_id, adyacencia_id) VALUES(11, 5);
INSERT INTO CASILLAS_ADYACENCIA(casilla_id, adyacencia_id) VALUES(11, 10);
INSERT INTO CASILLAS_ADYACENCIA(casilla_id, adyacencia_id) VALUES(11, 17);
INSERT INTO CASILLAS_ADYACENCIA(casilla_id, adyacencia_id) VALUES(11, 18);
-------------------------------FILA 3---------------------------------
--CASILLA 12
INSERT INTO CASILLAS_ADYACENCIA(casilla_id, adyacencia_id) VALUES(12, 6);
INSERT INTO CASILLAS_ADYACENCIA(casilla_id, adyacencia_id) VALUES(12, 13);
INSERT INTO CASILLAS_ADYACENCIA(casilla_id, adyacencia_id) VALUES(12, 19);
INSERT INTO CASILLAS_ADYACENCIA(casilla_id, adyacencia_id) VALUES(12, 20);
--CASILLA 13
INSERT INTO CASILLAS_ADYACENCIA(casilla_id, adyacencia_id) VALUES(13, 6);
INSERT INTO CASILLAS_ADYACENCIA(casilla_id, adyacencia_id) VALUES(13, 7);
INSERT INTO CASILLAS_ADYACENCIA(casilla_id, adyacencia_id) VALUES(13, 12);
INSERT INTO CASILLAS_ADYACENCIA(casilla_id, adyacencia_id) VALUES(13, 14);
INSERT INTO CASILLAS_ADYACENCIA(casilla_id, adyacencia_id) VALUES(13, 20);
INSERT INTO CASILLAS_ADYACENCIA(casilla_id, adyacencia_id) VALUES(13, 21);
--CASILLA 14
INSERT INTO CASILLAS_ADYACENCIA(casilla_id, adyacencia_id) VALUES(14, 7);
INSERT INTO CASILLAS_ADYACENCIA(casilla_id, adyacencia_id) VALUES(14, 8);
INSERT INTO CASILLAS_ADYACENCIA(casilla_id, adyacencia_id) VALUES(14, 13);
INSERT INTO CASILLAS_ADYACENCIA(casilla_id, adyacencia_id) VALUES(14, 15);
INSERT INTO CASILLAS_ADYACENCIA(casilla_id, adyacencia_id) VALUES(14, 21);
INSERT INTO CASILLAS_ADYACENCIA(casilla_id, adyacencia_id) VALUES(14, 22);
--CASILLA 15
INSERT INTO CASILLAS_ADYACENCIA(casilla_id, adyacencia_id) VALUES(15, 8);
INSERT INTO CASILLAS_ADYACENCIA(casilla_id, adyacencia_id) VALUES(15, 9);
INSERT INTO CASILLAS_ADYACENCIA(casilla_id, adyacencia_id) VALUES(15, 14);
INSERT INTO CASILLAS_ADYACENCIA(casilla_id, adyacencia_id) VALUES(15, 16);
INSERT INTO CASILLAS_ADYACENCIA(casilla_id, adyacencia_id) VALUES(15, 22);
INSERT INTO CASILLAS_ADYACENCIA(casilla_id, adyacencia_id) VALUES(15, 23);
--CASILLA 16
INSERT INTO CASILLAS_ADYACENCIA(casilla_id, adyacencia_id) VALUES(16, 9);
INSERT INTO CASILLAS_ADYACENCIA(casilla_id, adyacencia_id) VALUES(16, 10);
INSERT INTO CASILLAS_ADYACENCIA(casilla_id, adyacencia_id) VALUES(16, 15);
INSERT INTO CASILLAS_ADYACENCIA(casilla_id, adyacencia_id) VALUES(16, 17);
INSERT INTO CASILLAS_ADYACENCIA(casilla_id, adyacencia_id) VALUES(16, 23);
INSERT INTO CASILLAS_ADYACENCIA(casilla_id, adyacencia_id) VALUES(16, 24);
--CASILLA 17
INSERT INTO CASILLAS_ADYACENCIA(casilla_id, adyacencia_id) VALUES(17, 10);
INSERT INTO CASILLAS_ADYACENCIA(casilla_id, adyacencia_id) VALUES(17, 11);
INSERT INTO CASILLAS_ADYACENCIA(casilla_id, adyacencia_id) VALUES(17, 16);
INSERT INTO CASILLAS_ADYACENCIA(casilla_id, adyacencia_id) VALUES(17, 18);
INSERT INTO CASILLAS_ADYACENCIA(casilla_id, adyacencia_id) VALUES(17, 24);
INSERT INTO CASILLAS_ADYACENCIA(casilla_id, adyacencia_id) VALUES(17, 25);
--CASILLA 18
INSERT INTO CASILLAS_ADYACENCIA(casilla_id, adyacencia_id) VALUES(18, 11);
INSERT INTO CASILLAS_ADYACENCIA(casilla_id, adyacencia_id) VALUES(18, 17);
INSERT INTO CASILLAS_ADYACENCIA(casilla_id, adyacencia_id) VALUES(18, 25);
INSERT INTO CASILLAS_ADYACENCIA(casilla_id, adyacencia_id) VALUES(18, 26);
-------------------------------FILA 4---------------------------------
--CASILLA 19
INSERT INTO CASILLAS_ADYACENCIA(casilla_id, adyacencia_id) VALUES(19, 12);
INSERT INTO CASILLAS_ADYACENCIA(casilla_id, adyacencia_id) VALUES(19, 20);
INSERT INTO CASILLAS_ADYACENCIA(casilla_id, adyacencia_id) VALUES(19, 27);
INSERT INTO CASILLAS_ADYACENCIA(casilla_id, adyacencia_id) VALUES(19, 28);
--CASILLA 20
INSERT INTO CASILLAS_ADYACENCIA(casilla_id, adyacencia_id) VALUES(20, 12);
INSERT INTO CASILLAS_ADYACENCIA(casilla_id, adyacencia_id) VALUES(20, 13);
INSERT INTO CASILLAS_ADYACENCIA(casilla_id, adyacencia_id) VALUES(20, 19);
INSERT INTO CASILLAS_ADYACENCIA(casilla_id, adyacencia_id) VALUES(20, 21);
INSERT INTO CASILLAS_ADYACENCIA(casilla_id, adyacencia_id) VALUES(20, 28);
INSERT INTO CASILLAS_ADYACENCIA(casilla_id, adyacencia_id) VALUES(20, 29);
--CASILLA 21
INSERT INTO CASILLAS_ADYACENCIA(casilla_id, adyacencia_id) VALUES(21, 13);
INSERT INTO CASILLAS_ADYACENCIA(casilla_id, adyacencia_id) VALUES(21, 14);
INSERT INTO CASILLAS_ADYACENCIA(casilla_id, adyacencia_id) VALUES(21, 20);
INSERT INTO CASILLAS_ADYACENCIA(casilla_id, adyacencia_id) VALUES(21, 22);
INSERT INTO CASILLAS_ADYACENCIA(casilla_id, adyacencia_id) VALUES(21, 29);
INSERT INTO CASILLAS_ADYACENCIA(casilla_id, adyacencia_id) VALUES(21, 30);
--CASILLA 22
INSERT INTO CASILLAS_ADYACENCIA(casilla_id, adyacencia_id) VALUES(22, 14);
INSERT INTO CASILLAS_ADYACENCIA(casilla_id, adyacencia_id) VALUES(22, 15);
INSERT INTO CASILLAS_ADYACENCIA(casilla_id, adyacencia_id) VALUES(22, 21);
INSERT INTO CASILLAS_ADYACENCIA(casilla_id, adyacencia_id) VALUES(22, 23);
INSERT INTO CASILLAS_ADYACENCIA(casilla_id, adyacencia_id) VALUES(22, 30);
INSERT INTO CASILLAS_ADYACENCIA(casilla_id, adyacencia_id) VALUES(22, 31);
--CASILLA 23
INSERT INTO CASILLAS_ADYACENCIA(casilla_id, adyacencia_id) VALUES(23, 15);
INSERT INTO CASILLAS_ADYACENCIA(casilla_id, adyacencia_id) VALUES(23, 16);
INSERT INTO CASILLAS_ADYACENCIA(casilla_id, adyacencia_id) VALUES(23, 22);
INSERT INTO CASILLAS_ADYACENCIA(casilla_id, adyacencia_id) VALUES(23, 24);
INSERT INTO CASILLAS_ADYACENCIA(casilla_id, adyacencia_id) VALUES(23, 31);
INSERT INTO CASILLAS_ADYACENCIA(casilla_id, adyacencia_id) VALUES(23, 32);
--CASILLA 24
INSERT INTO CASILLAS_ADYACENCIA(casilla_id, adyacencia_id) VALUES(24, 16);
INSERT INTO CASILLAS_ADYACENCIA(casilla_id, adyacencia_id) VALUES(24, 17);
INSERT INTO CASILLAS_ADYACENCIA(casilla_id, adyacencia_id) VALUES(24, 23);
INSERT INTO CASILLAS_ADYACENCIA(casilla_id, adyacencia_id) VALUES(24, 25);
INSERT INTO CASILLAS_ADYACENCIA(casilla_id, adyacencia_id) VALUES(24, 32);
INSERT INTO CASILLAS_ADYACENCIA(casilla_id, adyacencia_id) VALUES(24, 33);
--CASILLA 25
INSERT INTO CASILLAS_ADYACENCIA(casilla_id, adyacencia_id) VALUES(25, 17);
INSERT INTO CASILLAS_ADYACENCIA(casilla_id, adyacencia_id) VALUES(25, 18);
INSERT INTO CASILLAS_ADYACENCIA(casilla_id, adyacencia_id) VALUES(25, 24);
INSERT INTO CASILLAS_ADYACENCIA(casilla_id, adyacencia_id) VALUES(25, 26);
INSERT INTO CASILLAS_ADYACENCIA(casilla_id, adyacencia_id) VALUES(25, 33);
INSERT INTO CASILLAS_ADYACENCIA(casilla_id, adyacencia_id) VALUES(25, 34);
--CASILLA 26
INSERT INTO CASILLAS_ADYACENCIA(casilla_id, adyacencia_id) VALUES(26, 18);
INSERT INTO CASILLAS_ADYACENCIA(casilla_id, adyacencia_id) VALUES(26, 25);
INSERT INTO CASILLAS_ADYACENCIA(casilla_id, adyacencia_id) VALUES(26, 34);
INSERT INTO CASILLAS_ADYACENCIA(casilla_id, adyacencia_id) VALUES(26, 35);
-------------------------------FILA 5---------------------------------
--CASILLA 27
INSERT INTO CASILLAS_ADYACENCIA(casilla_id, adyacencia_id) VALUES(26, 35);
INSERT INTO CASILLAS_ADYACENCIA(casilla_id, adyacencia_id) VALUES(27, 19);
INSERT INTO CASILLAS_ADYACENCIA(casilla_id, adyacencia_id) VALUES(27, 28);
INSERT INTO CASILLAS_ADYACENCIA(casilla_id, adyacencia_id) VALUES(27, 36);
--CASILLA 28
INSERT INTO CASILLAS_ADYACENCIA(casilla_id, adyacencia_id) VALUES(28, 19);
INSERT INTO CASILLAS_ADYACENCIA(casilla_id, adyacencia_id) VALUES(28, 20);
INSERT INTO CASILLAS_ADYACENCIA(casilla_id, adyacencia_id) VALUES(28, 27);
INSERT INTO CASILLAS_ADYACENCIA(casilla_id, adyacencia_id) VALUES(28, 29);
INSERT INTO CASILLAS_ADYACENCIA(casilla_id, adyacencia_id) VALUES(28, 36);
INSERT INTO CASILLAS_ADYACENCIA(casilla_id, adyacencia_id) VALUES(28, 37);
--CASILLA 29
INSERT INTO CASILLAS_ADYACENCIA(casilla_id, adyacencia_id) VALUES(29, 20);
INSERT INTO CASILLAS_ADYACENCIA(casilla_id, adyacencia_id) VALUES(29, 21);
INSERT INTO CASILLAS_ADYACENCIA(casilla_id, adyacencia_id) VALUES(29, 28);
INSERT INTO CASILLAS_ADYACENCIA(casilla_id, adyacencia_id) VALUES(29, 30);
INSERT INTO CASILLAS_ADYACENCIA(casilla_id, adyacencia_id) VALUES(29, 37);
INSERT INTO CASILLAS_ADYACENCIA(casilla_id, adyacencia_id) VALUES(29, 38);
--CASILLA 30
INSERT INTO CASILLAS_ADYACENCIA(casilla_id, adyacencia_id) VALUES(30, 21);
INSERT INTO CASILLAS_ADYACENCIA(casilla_id, adyacencia_id) VALUES(30, 22);
INSERT INTO CASILLAS_ADYACENCIA(casilla_id, adyacencia_id) VALUES(30, 29);
INSERT INTO CASILLAS_ADYACENCIA(casilla_id, adyacencia_id) VALUES(30, 31);
INSERT INTO CASILLAS_ADYACENCIA(casilla_id, adyacencia_id) VALUES(30, 38);
INSERT INTO CASILLAS_ADYACENCIA(casilla_id, adyacencia_id) VALUES(30, 39);
--CASILLA 31
INSERT INTO CASILLAS_ADYACENCIA(casilla_id, adyacencia_id) VALUES(31, 22);
INSERT INTO CASILLAS_ADYACENCIA(casilla_id, adyacencia_id) VALUES(31, 23);
INSERT INTO CASILLAS_ADYACENCIA(casilla_id, adyacencia_id) VALUES(31, 30);
INSERT INTO CASILLAS_ADYACENCIA(casilla_id, adyacencia_id) VALUES(31, 32);
INSERT INTO CASILLAS_ADYACENCIA(casilla_id, adyacencia_id) VALUES(31, 39);
INSERT INTO CASILLAS_ADYACENCIA(casilla_id, adyacencia_id) VALUES(31, 40);
--CASILLA 32
INSERT INTO CASILLAS_ADYACENCIA(casilla_id, adyacencia_id) VALUES(32, 23);
INSERT INTO CASILLAS_ADYACENCIA(casilla_id, adyacencia_id) VALUES(32, 24);
INSERT INTO CASILLAS_ADYACENCIA(casilla_id, adyacencia_id) VALUES(32, 31);
INSERT INTO CASILLAS_ADYACENCIA(casilla_id, adyacencia_id) VALUES(32, 33);
INSERT INTO CASILLAS_ADYACENCIA(casilla_id, adyacencia_id) VALUES(32, 40);
INSERT INTO CASILLAS_ADYACENCIA(casilla_id, adyacencia_id) VALUES(32, 41);
--CASILLA 33
INSERT INTO CASILLAS_ADYACENCIA(casilla_id, adyacencia_id) VALUES(33, 24);
INSERT INTO CASILLAS_ADYACENCIA(casilla_id, adyacencia_id) VALUES(33, 25);
INSERT INTO CASILLAS_ADYACENCIA(casilla_id, adyacencia_id) VALUES(33, 32);
INSERT INTO CASILLAS_ADYACENCIA(casilla_id, adyacencia_id) VALUES(33, 34);
INSERT INTO CASILLAS_ADYACENCIA(casilla_id, adyacencia_id) VALUES(33, 41);
INSERT INTO CASILLAS_ADYACENCIA(casilla_id, adyacencia_id) VALUES(33, 42);
--CASILLA 34
INSERT INTO CASILLAS_ADYACENCIA(casilla_id, adyacencia_id) VALUES(34, 25);
INSERT INTO CASILLAS_ADYACENCIA(casilla_id, adyacencia_id) VALUES(34, 26);
INSERT INTO CASILLAS_ADYACENCIA(casilla_id, adyacencia_id) VALUES(34, 33);
INSERT INTO CASILLAS_ADYACENCIA(casilla_id, adyacencia_id) VALUES(34, 35);
INSERT INTO CASILLAS_ADYACENCIA(casilla_id, adyacencia_id) VALUES(34, 42);
INSERT INTO CASILLAS_ADYACENCIA(casilla_id, adyacencia_id) VALUES(34, 43);
--CASILLA 35
INSERT INTO CASILLAS_ADYACENCIA(casilla_id, adyacencia_id) VALUES(35, 26);
INSERT INTO CASILLAS_ADYACENCIA(casilla_id, adyacencia_id) VALUES(35, 34);
INSERT INTO CASILLAS_ADYACENCIA(casilla_id, adyacencia_id) VALUES(35, 43);
-------------------------------FILA 6---------------------------------
--CASILLA 36
INSERT INTO CASILLAS_ADYACENCIA(casilla_id, adyacencia_id) VALUES(36, 27);
INSERT INTO CASILLAS_ADYACENCIA(casilla_id, adyacencia_id) VALUES(36, 28);
INSERT INTO CASILLAS_ADYACENCIA(casilla_id, adyacencia_id) VALUES(36, 37);
INSERT INTO CASILLAS_ADYACENCIA(casilla_id, adyacencia_id) VALUES(36, 44);
--CASILLA 37
INSERT INTO CASILLAS_ADYACENCIA(casilla_id, adyacencia_id) VALUES(37, 28);
INSERT INTO CASILLAS_ADYACENCIA(casilla_id, adyacencia_id) VALUES(37, 29);
INSERT INTO CASILLAS_ADYACENCIA(casilla_id, adyacencia_id) VALUES(37, 36);
INSERT INTO CASILLAS_ADYACENCIA(casilla_id, adyacencia_id) VALUES(37, 38);
INSERT INTO CASILLAS_ADYACENCIA(casilla_id, adyacencia_id) VALUES(37, 44);
INSERT INTO CASILLAS_ADYACENCIA(casilla_id, adyacencia_id) VALUES(37, 45);
--CASILLA 38
INSERT INTO CASILLAS_ADYACENCIA(casilla_id, adyacencia_id) VALUES(38, 29);
INSERT INTO CASILLAS_ADYACENCIA(casilla_id, adyacencia_id) VALUES(38, 30);
INSERT INTO CASILLAS_ADYACENCIA(casilla_id, adyacencia_id) VALUES(38, 37);
INSERT INTO CASILLAS_ADYACENCIA(casilla_id, adyacencia_id) VALUES(38, 39);
INSERT INTO CASILLAS_ADYACENCIA(casilla_id, adyacencia_id) VALUES(38, 45);
INSERT INTO CASILLAS_ADYACENCIA(casilla_id, adyacencia_id) VALUES(38, 46);
--CASILLA 39
INSERT INTO CASILLAS_ADYACENCIA(casilla_id, adyacencia_id) VALUES(39, 30);
INSERT INTO CASILLAS_ADYACENCIA(casilla_id, adyacencia_id) VALUES(39, 31);
INSERT INTO CASILLAS_ADYACENCIA(casilla_id, adyacencia_id) VALUES(39, 38);
INSERT INTO CASILLAS_ADYACENCIA(casilla_id, adyacencia_id) VALUES(39, 40);
INSERT INTO CASILLAS_ADYACENCIA(casilla_id, adyacencia_id) VALUES(39, 46);
INSERT INTO CASILLAS_ADYACENCIA(casilla_id, adyacencia_id) VALUES(39, 47);
--CASILLA 40
INSERT INTO CASILLAS_ADYACENCIA(casilla_id, adyacencia_id) VALUES(40, 31);
INSERT INTO CASILLAS_ADYACENCIA(casilla_id, adyacencia_id) VALUES(40, 32);
INSERT INTO CASILLAS_ADYACENCIA(casilla_id, adyacencia_id) VALUES(40, 39);
INSERT INTO CASILLAS_ADYACENCIA(casilla_id, adyacencia_id) VALUES(40, 41);
INSERT INTO CASILLAS_ADYACENCIA(casilla_id, adyacencia_id) VALUES(40, 47);
INSERT INTO CASILLAS_ADYACENCIA(casilla_id, adyacencia_id) VALUES(40, 48);
--CASILLA 41
INSERT INTO CASILLAS_ADYACENCIA(casilla_id, adyacencia_id) VALUES(41, 32);
INSERT INTO CASILLAS_ADYACENCIA(casilla_id, adyacencia_id) VALUES(41, 33);
INSERT INTO CASILLAS_ADYACENCIA(casilla_id, adyacencia_id) VALUES(41, 40);
INSERT INTO CASILLAS_ADYACENCIA(casilla_id, adyacencia_id) VALUES(41, 42);
INSERT INTO CASILLAS_ADYACENCIA(casilla_id, adyacencia_id) VALUES(41, 48);
INSERT INTO CASILLAS_ADYACENCIA(casilla_id, adyacencia_id) VALUES(41, 49);
--CASILLA 42
INSERT INTO CASILLAS_ADYACENCIA(casilla_id, adyacencia_id) VALUES(42, 33);
INSERT INTO CASILLAS_ADYACENCIA(casilla_id, adyacencia_id) VALUES(42, 34);
INSERT INTO CASILLAS_ADYACENCIA(casilla_id, adyacencia_id) VALUES(42, 41);
INSERT INTO CASILLAS_ADYACENCIA(casilla_id, adyacencia_id) VALUES(42, 43);
INSERT INTO CASILLAS_ADYACENCIA(casilla_id, adyacencia_id) VALUES(42, 49);
INSERT INTO CASILLAS_ADYACENCIA(casilla_id, adyacencia_id) VALUES(42, 50);
--CASILLA 43
INSERT INTO CASILLAS_ADYACENCIA(casilla_id, adyacencia_id) VALUES(43, 34);
INSERT INTO CASILLAS_ADYACENCIA(casilla_id, adyacencia_id) VALUES(43, 35);
INSERT INTO CASILLAS_ADYACENCIA(casilla_id, adyacencia_id) VALUES(43, 42);
INSERT INTO CASILLAS_ADYACENCIA(casilla_id, adyacencia_id) VALUES(43, 50);
-------------------------------FILA 7---------------------------------
--CASILLA 44
INSERT INTO CASILLAS_ADYACENCIA(casilla_id, adyacencia_id) VALUES(44, 36);
INSERT INTO CASILLAS_ADYACENCIA(casilla_id, adyacencia_id) VALUES(44, 37);
INSERT INTO CASILLAS_ADYACENCIA(casilla_id, adyacencia_id) VALUES(44, 45);
INSERT INTO CASILLAS_ADYACENCIA(casilla_id, adyacencia_id) VALUES(44, 51);
--CASILLA 45
INSERT INTO CASILLAS_ADYACENCIA(casilla_id, adyacencia_id) VALUES(45, 37);
INSERT INTO CASILLAS_ADYACENCIA(casilla_id, adyacencia_id) VALUES(45, 38);
INSERT INTO CASILLAS_ADYACENCIA(casilla_id, adyacencia_id) VALUES(45, 44);
INSERT INTO CASILLAS_ADYACENCIA(casilla_id, adyacencia_id) VALUES(45, 46);
INSERT INTO CASILLAS_ADYACENCIA(casilla_id, adyacencia_id) VALUES(45, 51);
INSERT INTO CASILLAS_ADYACENCIA(casilla_id, adyacencia_id) VALUES(45, 52);
--CASILLA 46
INSERT INTO CASILLAS_ADYACENCIA(casilla_id, adyacencia_id) VALUES(46, 38);
INSERT INTO CASILLAS_ADYACENCIA(casilla_id, adyacencia_id) VALUES(46, 39);
INSERT INTO CASILLAS_ADYACENCIA(casilla_id, adyacencia_id) VALUES(46, 45);
INSERT INTO CASILLAS_ADYACENCIA(casilla_id, adyacencia_id) VALUES(46, 47);
INSERT INTO CASILLAS_ADYACENCIA(casilla_id, adyacencia_id) VALUES(46, 52);
INSERT INTO CASILLAS_ADYACENCIA(casilla_id, adyacencia_id) VALUES(46, 53);
--CASILLA 47
INSERT INTO CASILLAS_ADYACENCIA(casilla_id, adyacencia_id) VALUES(47, 39);
INSERT INTO CASILLAS_ADYACENCIA(casilla_id, adyacencia_id) VALUES(47, 40);
INSERT INTO CASILLAS_ADYACENCIA(casilla_id, adyacencia_id) VALUES(47, 46);
INSERT INTO CASILLAS_ADYACENCIA(casilla_id, adyacencia_id) VALUES(47, 48);
INSERT INTO CASILLAS_ADYACENCIA(casilla_id, adyacencia_id) VALUES(47, 53);
INSERT INTO CASILLAS_ADYACENCIA(casilla_id, adyacencia_id) VALUES(47, 54);
--CASILLA 48
INSERT INTO CASILLAS_ADYACENCIA(casilla_id, adyacencia_id) VALUES(48, 40);
INSERT INTO CASILLAS_ADYACENCIA(casilla_id, adyacencia_id) VALUES(48, 41);
INSERT INTO CASILLAS_ADYACENCIA(casilla_id, adyacencia_id) VALUES(48, 47);
INSERT INTO CASILLAS_ADYACENCIA(casilla_id, adyacencia_id) VALUES(48, 49);
INSERT INTO CASILLAS_ADYACENCIA(casilla_id, adyacencia_id) VALUES(48, 54);
INSERT INTO CASILLAS_ADYACENCIA(casilla_id, adyacencia_id) VALUES(48, 55);
--CASILLA 49
INSERT INTO CASILLAS_ADYACENCIA(casilla_id, adyacencia_id) VALUES(49, 41);
INSERT INTO CASILLAS_ADYACENCIA(casilla_id, adyacencia_id) VALUES(49, 42);
INSERT INTO CASILLAS_ADYACENCIA(casilla_id, adyacencia_id) VALUES(49, 48);
INSERT INTO CASILLAS_ADYACENCIA(casilla_id, adyacencia_id) VALUES(49, 50);
INSERT INTO CASILLAS_ADYACENCIA(casilla_id, adyacencia_id) VALUES(49, 55);
INSERT INTO CASILLAS_ADYACENCIA(casilla_id, adyacencia_id) VALUES(49, 56);
--CASILLA 50
INSERT INTO CASILLAS_ADYACENCIA(casilla_id, adyacencia_id) VALUES(50, 42);
INSERT INTO CASILLAS_ADYACENCIA(casilla_id, adyacencia_id) VALUES(50, 43);
INSERT INTO CASILLAS_ADYACENCIA(casilla_id, adyacencia_id) VALUES(50, 49);
INSERT INTO CASILLAS_ADYACENCIA(casilla_id, adyacencia_id) VALUES(50, 56);
-------------------------------FILA 8---------------------------------
--CASILLA 51
INSERT INTO CASILLAS_ADYACENCIA(casilla_id, adyacencia_id) VALUES(51, 44);
INSERT INTO CASILLAS_ADYACENCIA(casilla_id, adyacencia_id) VALUES(51, 45);
INSERT INTO CASILLAS_ADYACENCIA(casilla_id, adyacencia_id) VALUES(51, 52);
INSERT INTO CASILLAS_ADYACENCIA(casilla_id, adyacencia_id) VALUES(51, 57);
--CASILLA 52
INSERT INTO CASILLAS_ADYACENCIA(casilla_id, adyacencia_id) VALUES(52, 45);
INSERT INTO CASILLAS_ADYACENCIA(casilla_id, adyacencia_id) VALUES(52, 46);
INSERT INTO CASILLAS_ADYACENCIA(casilla_id, adyacencia_id) VALUES(52, 51);
INSERT INTO CASILLAS_ADYACENCIA(casilla_id, adyacencia_id) VALUES(52, 53);
INSERT INTO CASILLAS_ADYACENCIA(casilla_id, adyacencia_id) VALUES(52, 57);
INSERT INTO CASILLAS_ADYACENCIA(casilla_id, adyacencia_id) VALUES(52, 58);
--CASILLA 53
INSERT INTO CASILLAS_ADYACENCIA(casilla_id, adyacencia_id) VALUES(53, 46);
INSERT INTO CASILLAS_ADYACENCIA(casilla_id, adyacencia_id) VALUES(53, 47);
INSERT INTO CASILLAS_ADYACENCIA(casilla_id, adyacencia_id) VALUES(53, 52);
INSERT INTO CASILLAS_ADYACENCIA(casilla_id, adyacencia_id) VALUES(53, 54);
INSERT INTO CASILLAS_ADYACENCIA(casilla_id, adyacencia_id) VALUES(53, 58);
INSERT INTO CASILLAS_ADYACENCIA(casilla_id, adyacencia_id) VALUES(53, 59);
--CASILLA 54
INSERT INTO CASILLAS_ADYACENCIA(casilla_id, adyacencia_id) VALUES(54, 47);
INSERT INTO CASILLAS_ADYACENCIA(casilla_id, adyacencia_id) VALUES(54, 48);
INSERT INTO CASILLAS_ADYACENCIA(casilla_id, adyacencia_id) VALUES(54, 53);
INSERT INTO CASILLAS_ADYACENCIA(casilla_id, adyacencia_id) VALUES(54, 55);
INSERT INTO CASILLAS_ADYACENCIA(casilla_id, adyacencia_id) VALUES(54, 59);
INSERT INTO CASILLAS_ADYACENCIA(casilla_id, adyacencia_id) VALUES(54, 60);
--CASILLA 55
INSERT INTO CASILLAS_ADYACENCIA(casilla_id, adyacencia_id) VALUES(55, 48);
INSERT INTO CASILLAS_ADYACENCIA(casilla_id, adyacencia_id) VALUES(55, 49);
INSERT INTO CASILLAS_ADYACENCIA(casilla_id, adyacencia_id) VALUES(55, 54);
INSERT INTO CASILLAS_ADYACENCIA(casilla_id, adyacencia_id) VALUES(55, 56);
INSERT INTO CASILLAS_ADYACENCIA(casilla_id, adyacencia_id) VALUES(55, 60);
INSERT INTO CASILLAS_ADYACENCIA(casilla_id, adyacencia_id) VALUES(55, 61);
--CASILLA 56
INSERT INTO CASILLAS_ADYACENCIA(casilla_id, adyacencia_id) VALUES(56, 49);
INSERT INTO CASILLAS_ADYACENCIA(casilla_id, adyacencia_id) VALUES(56, 50);
INSERT INTO CASILLAS_ADYACENCIA(casilla_id, adyacencia_id) VALUES(56, 55);
INSERT INTO CASILLAS_ADYACENCIA(casilla_id, adyacencia_id) VALUES(56, 61);
-------------------------------FILA 9---------------------------------
--CASILLA 57
INSERT INTO CASILLAS_ADYACENCIA(casilla_id, adyacencia_id) VALUES(57, 51);
INSERT INTO CASILLAS_ADYACENCIA(casilla_id, adyacencia_id) VALUES(57, 52);
INSERT INTO CASILLAS_ADYACENCIA(casilla_id, adyacencia_id) VALUES(57, 58);
--CASILLA 58
INSERT INTO CASILLAS_ADYACENCIA(casilla_id, adyacencia_id) VALUES(58, 52);
INSERT INTO CASILLAS_ADYACENCIA(casilla_id, adyacencia_id) VALUES(58, 53);
INSERT INTO CASILLAS_ADYACENCIA(casilla_id, adyacencia_id) VALUES(58, 57);
INSERT INTO CASILLAS_ADYACENCIA(casilla_id, adyacencia_id) VALUES(58, 59);
--CASILLA 59
INSERT INTO CASILLAS_ADYACENCIA(casilla_id, adyacencia_id) VALUES(59, 53);
INSERT INTO CASILLAS_ADYACENCIA(casilla_id, adyacencia_id) VALUES(59, 54);
INSERT INTO CASILLAS_ADYACENCIA(casilla_id, adyacencia_id) VALUES(59, 58);
INSERT INTO CASILLAS_ADYACENCIA(casilla_id, adyacencia_id) VALUES(59, 60);
--CASILLA 60
INSERT INTO CASILLAS_ADYACENCIA(casilla_id, adyacencia_id) VALUES(60, 54);
INSERT INTO CASILLAS_ADYACENCIA(casilla_id, adyacencia_id) VALUES(60, 55);
INSERT INTO CASILLAS_ADYACENCIA(casilla_id, adyacencia_id) VALUES(60, 59);
INSERT INTO CASILLAS_ADYACENCIA(casilla_id, adyacencia_id) VALUES(60, 61);
--CASILLA 61
INSERT INTO CASILLAS_ADYACENCIA(casilla_id, adyacencia_id) VALUES(61, 55);
INSERT INTO CASILLAS_ADYACENCIA(casilla_id, adyacencia_id) VALUES(61, 56);
INSERT INTO CASILLAS_ADYACENCIA(casilla_id, adyacencia_id) VALUES(61, 60);









-- One admin user, named admin1 with passwor 4dm1n and authority admin

INSERT INTO users(name, last_name, username, password, birth_date, email, phone, enabled) 
VALUES ('ad', 'min', 'admin1', '1?Dpaprobada', '2010-09-07', 'admin@gmail.com', '954734895', true);
INSERT INTO authorities(id,username,authority) VALUES (1,'admin1','admin');
-- One owner user, named owner1 with passwor 0wn3r
INSERT INTO users(name, last_name, username, password, birth_date, email, phone, enabled) 
VALUES ('ow', 'ner', 'owner1', '1?Dpaprobada', '2010-09-07', 'owner@gmail.com', '954734895', true);
INSERT INTO authorities(id,username,authority) VALUES (2,'owner1','player');
-- One vet user, named vet1 with passwor v3t
INSERT INTO users(name, last_name, username, password, birth_date, email, phone, enabled) 
VALUES ('vete', 'rinary', 'vet1', '1?Dpaprobada', '2010-09-07', 'vet@gmail.com', '954734895', true);
INSERT INTO authorities(id,username,authority) VALUES (3,'vet1','player');
-- Owner user
INSERT INTO users(name, last_name, username, password, birth_date, email, phone, enabled) 
VALUES ('Francis', 'Villalobos', 'fravilpae', '1?Dpaprobada', '2010-09-07', 'fravilpae@alum.us.es', '954734895', true);
INSERT INTO authorities(id,username,authority) VALUES (4,'fravilpae','player');

INSERT INTO users(name, last_name, username, password, birth_date, email, phone, enabled) 
VALUES ('Jesus', 'Zambrana', 'jeszamgue', '1?Dpaprobada', '2010-09-07', 'jeszamgue@alum.us.es', '954734895', true);
INSERT INTO authorities(id,username,authority) VALUES (5,'jeszamgue','player');

INSERT INTO users(name, last_name, username, password, birth_date, email, phone, enabled)
VALUES ('Aitor', 'Rodriguez', 'aitroddue', '1?Dpaprobada', '2010-09-07', 'aitroddue@alum.us.es', '954734895', true);
INSERT INTO authorities(id,username,authority) VALUES (6,'aitroddue','player');

INSERT INTO users(name, last_name, username, password, birth_date, email, phone, enabled)
VALUES ('Ramonr', 'Guerrero', 'raymon', '1?Dpaprobada', '2002-08-07', 'ramonguerom@alum.us.es', '954734895', true);

INSERT INTO authorities(id,username,authority) VALUES (7,'raymon','player');

INSERT INTO Friends(friend_id, aux_friend_id) VALUES('jeszamgue', 'fravilpae');
INSERT INTO Friends(friend_id, aux_friend_id) VALUES('fravilpae', 'jeszamgue');
INSERT INTO Friends(friend_id, aux_friend_id) VALUES('aitroddue', 'fravilpae');
INSERT INTO Friends(friend_id, aux_friend_id) VALUES('fravilpae', 'aitroddue');
INSERT INTO Friends(friend_id, aux_friend_id) VALUES('jeszamgue', 'aitroddue');
INSERT INTO Friends(friend_id, aux_friend_id) VALUES('aitroddue', 'jeszamgue');
INSERT INTO Friends(friend_id, aux_friend_id) VALUES('raymon', 'aitroddue');
INSERT INTO Friends(friend_id, aux_friend_id) VALUES('aitroddue', 'raymon');

INSERT INTO Invitation(id, receiver_username, sender_username) VALUES(1, 'fravilpae', 'aitroddue');

INSERT INTO PARTIDAS( id_criterioa1, id_criterioa2, id_criteriob1, id_criteriob2, fecha)
 VALUES(1,1,1,1, '2022-12-01');

INSERT INTO tablero(id, partida_id, puntos,en_curso, user_username, creada, espera) VALUES(1,1,10,false, 'aitroddue',true, false);

INSERT INTO tablero(id, partida_id, puntos,en_curso, user_username, creada, espera) VALUES(2,1,0,false, 'raymon', false, false);

INSERT INTO PARTIDAS_TABLEROS(partida_id, tablero_id) VALUES(1,1);

INSERT INTO TURNOS(id,  num_territoriosj1,num_territoriosj2,num_territoriosj3,num_territoriosj4,territorio, partida_id)
 VALUES(1,0,0,0,0,0,1);
INSERT INTO TURNOS(id,  num_territoriosj1,num_territoriosj2,num_territoriosj3,num_territoriosj4,territorio, partida_id)
 VALUES(2,0,0,0,0,1,1);
 INSERT INTO TURNOS(id,  num_territoriosj1,num_territoriosj2,num_territoriosj3,num_territoriosj4,territorio, partida_id)
 VALUES(3,0,0,0,0,2,1);
 INSERT INTO TURNOS(id,  num_territoriosj1,num_territoriosj2,num_territoriosj3,num_territoriosj4,territorio, partida_id)
 VALUES(4,0,0,0,0,3,1);
 INSERT INTO TURNOS(id,  num_territoriosj1,num_territoriosj2,num_territoriosj3,num_territoriosj4,territorio, partida_id)
 VALUES(5,0,0,0,0,4,1);
 INSERT INTO TURNOS(id,  num_territoriosj1,num_territoriosj2,num_territoriosj3,num_territoriosj4,territorio, partida_id)
 VALUES(6,0,0,0,0,5,1);

INSERT INTO ACCIONES (id, turno_id, casilla_id, tablero_id) VALUES(1,1,7,1);
INSERT INTO ACCIONES (id, turno_id, casilla_id, tablero_id) VALUES(2,2,15,1);
INSERT INTO ACCIONES (id, turno_id, casilla_id, tablero_id) VALUES(3,3,23,1);
INSERT INTO ACCIONES (id, turno_id, casilla_id, tablero_id) VALUES(4,4,43,1);
INSERT INTO ACCIONES (id, turno_id, casilla_id, tablero_id) VALUES(5,5,52,1);
INSERT INTO ACCIONES (id, turno_id, casilla_id, tablero_id) VALUES(6,6,56,1);
INSERT INTO ACCIONES (id, turno_id, casilla_id, tablero_id) VALUES(7,4,60,1);
INSERT INTO ACCIONES (id, turno_id, casilla_id, tablero_id) VALUES(8,5,33,1);
INSERT INTO ACCIONES (id, turno_id, casilla_id, tablero_id) VALUES(9,6,47,1);

INSERT INTO logros (id, titulo, descripcion, logo, req_puntos) VALUES (1,'Explorador de Patio', 'Consigue una puntuacion de <puntos> puntos o mas en una partida','logo1.png', 80);
INSERT INTO logros (id, titulo, descripcion, logo, req_puntos) VALUES (2,'Explorador Normalito', 'Consigue una puntuacion de <puntos> puntos o mas en una partida','logo2.png', 100);
INSERT INTO logros (id, titulo, descripcion, logo, req_puntos) VALUES (3,'Explorador Profesional', 'Consigue una puntuacion de <puntos> puntos o mas en una partida','logo3.png', 120);
INSERT INTO logros (id, titulo, descripcion, logo, req_puntos) VALUES (4,'Marco Polo', 'Consigue una puntuacion de <puntos> puntos o mas en una partida','logo4.png', 150);
